"student","school","time","female","ses","public","suspension","platform","math"
1,81,0,0,6,1,0.112,0,34.7
1,81,1,0,5,1,0.33,0,38.2
1,81,2,0,6,1,0.39,0,39.5
1,81,3,0,4,1,0.328,0,56.7
65,258,0,0,6,0,0.003,1,46.3
65,258,1,0,6,0,0.035,1,54.3
65,258,2,0,4,0,0.06,1,46.2
65,258,3,0,5,0,0.071,1,57.5
123,212,0,0,6,0,0.003,1,51.9
123,274,1,0,5,1,0.012,1,45.1
123,274,2,0,5,1,0.025,1,56.7
123,274,3,0,5,1,0.02,1,57.5
146,515,0,0,5,0,0.036,1,30.2
146,515,1,0,3,0,0.067,1,33
146,515,2,0,5,0,0.1,1,46.2
146,515,3,0,4,0,0.05,1,59.8
147,194,0,0,3,1,0.004,0,62.3
147,194,1,0,5,1,0.035,0,53.5
147,194,2,0,5,1,0.06,0,61.8
147,194,3,0,6,1,0.074,0,78.3
195,21,0,1,4,0,0.017,1,31.1
195,21,1,1,3,0,0.253,1,41.8
195,21,2,1,6,0,0.264,1,52.3
195,21,3,1,5,0,0.285,1,53.1
209,194,0,1,4,1,0.004,0,39.4
209,282,1,1,4,1,0.035,0,38.2
209,282,2,1,5,1,0.06,0,43.9
209,282,3,1,4,1,0.071,0,53.4
218,1033,0,1,5,1,0.006,1,39.4
218,1033,1,1,4,1,0.086,1,54.3
218,1033,2,1,3,1,0.067,1,48.7
218,1033,3,1,6,1,0.07,1,57.5
220,714,0,1,4,1,0.028,1,41.4
220,720,1,1,3,1,0.112,1,46.6
220,720,2,1,4,1,0.119,1,46.7
220,720,3,1,4,1,0.159,1,55.9
351,245,0,0,4,1,0.009,1,37.1
351,245,1,0,5,1,0.016,1,30.2
351,245,2,0,5,1,0.019,1,38.2
351,245,3,0,3,1,0.047,1,50.6
376,121,0,0,4,1,0.024,0,39.4
376,121,1,0,4,1,0.083,0,46.6
376,121,2,0,3,1,0.116,0,45.1
376,121,3,0,6,1,0.075,0,57.5
377,139,0,0,6,1,0.021,0,84.7
377,139,1,0,5,1,0.043,0,79.1
377,139,2,0,6,1,0.064,0,89.9
377,139,3,0,6,1,0.053,0,97.1
390,1035,0,0,5,1,0.033,0,54.7
390,1035,1,0,2,1,0.095,0,73.5
390,1035,2,0,6,1,0.088,0,66.7
390,1035,3,0,6,1,0.11,0,72.3
401,1038,0,0,5,0,0.016,1,62.3
401,1038,1,0,6,0,0.076,1,65.5
401,1038,2,0,5,0,0.073,1,64.6
401,1038,3,0,6,0,0.107,1,65.9
446,286,0,1,6,1,0.014,0,47.5
446,286,1,1,5,1,0.099,0,56.3
446,286,2,1,4,1,0.071,0,57.6
446,286,3,1,2,1,0.1,0,67
464,147,0,1,6,1,0.002,1,84.7
464,147,1,1,5,1,0.022,1,83
464,147,2,1,6,1,0.016,1,86.8
464,147,3,1,6,1,0.015,1,92
465,515,0,1,3,0,0.036,1,45
465,519,1,1,3,1,0.168,0,57.1
465,519,2,1,4,1,0.189,0,51.8
465,519,3,1,6,1,0.113,0,64.7
481,1035,0,0,4,1,0.033,0,45
481,1035,1,0,5,1,0.095,0,50.7
481,1035,2,0,7,1,0.088,0,61.8
481,1035,3,0,4,1,0.11,0,68.3
487,714,0,1,5,1,0.028,1,48.6
487,714,1,1,3,1,0.112,1,46.6
487,714,2,1,3,1,0.119,1,54.6
487,714,3,1,2,1,0.159,1,62.8
498,194,0,1,4,1,0.004,0,36.6
498,194,1,1,4,1,0.035,0,38.2
498,194,2,1,3,1,0.06,0,41.1
498,194,3,1,2,1,0.071,0,57.5
505,714,0,1,6,1,0.028,1,74.7
505,714,1,1,4,1,0.112,1,56.3
505,714,2,1,7,1,0.119,1,74.6
505,714,3,1,6,1,0.159,1,83.1
507,121,0,1,6,1,0.024,0,46.3
507,121,1,1,6,1,0.083,0,48.2
507,121,2,1,4,1,0.116,0,53.4
507,121,3,1,7,1,0.075,0,59.1
525,647,0,0,6,1,0.055,1,32.2
525,647,1,0,4,1,0.15,1,38.7
525,647,2,0,6,1,0.135,1,41.8
525,647,3,0,5,1,0.185,1,51.4
550,1104,0,1,7,0,0.014,0,39.4
550,1111,1,1,5,1,0.242,0,49.1
550,1111,2,1,5,1,0.198,0,45.4
550,1111,3,1,5,1,0.213,0,59.1
556,21,0,0,7,0,0.017,1,33.9
556,21,1,0,4,0,0.253,1,41.8
556,21,2,0,4,0,0.264,1,42.3
556,21,3,0,5,0,0.285,1,49.8
572,1038,0,0,3,0,0.016,1,62.3
572,1048,1,0,3,1,0.076,1,62.7
572,1048,2,0,4,1,0.073,1,75.1
572,1048,3,0,5,1,0.107,1,74.2
583,963,0,0,3,0,0.155,0,41.4
583,963,1,0,2,0,0.124,0,41
583,963,2,0,3,0,0.175,0,46.7
583,963,3,0,4,0,0.218,0,54.2
587,43,0,0,4,0,0.018,0,32.2
587,43,1,0,6,0,0.163,0,35.1
587,43,2,0,5,0,0.205,0,38.7
587,43,3,0,4,0,0.151,0,53.1
641,387,0,0,8,0,0.087,1,49.9
641,387,1,0,4,0,0.109,1,53.5
641,387,2,0,6,0,0.305,1,62.6
641,387,3,0,4,0,0.317,1,69.8
642,139,0,0,6,1,0.021,0,48.6
642,139,1,0,2,1,0.043,0,57.1
642,139,2,0,5,1,0.064,0,69
642,139,3,0,5,1,0.053,0,79.5
667,276,0,1,6,0,0.003,1,53.6
667,274,1,1,4,1,0.012,1,51.5
667,274,2,1,6,1,0.025,1,62.6
667,274,3,1,5,1,0.02,1,76.4
668,677,0,0,5,1,0.002,0,45.8
668,677,1,0,6,1,0.005,0,54.3
668,677,2,0,5,1,0.01,0,75.1
668,677,3,0,6,1,0.012,0,71.1
680,99,0,1,6,0,0.003,1,67.8
680,99,1,1,6,0,0.108,1,60.7
680,99,2,1,4,0,0.073,1,71.2
680,99,3,1,4,0,0.056,1,80.6
717,1110,0,1,3,1,0.034,0,44.2
717,1110,1,1,5,1,0.242,0,45.9
717,1110,2,1,7,1,0.198,0,53.9
717,1110,3,1,4,1,0.213,0,67.8
729,1045,0,1,7,1,0.012,0,40.7
729,1045,1,1,6,1,0.052,0,40.2
729,1045,2,1,4,1,0.045,0,47
729,1045,3,1,5,1,0.052,0,54.2
730,1110,0,0,4,1,0.034,0,65.9
730,1110,1,0,4,1,0.242,0,75.8
730,1110,2,0,5,1,0.198,0,87.4
730,1110,3,0,7,1,0.213,0,100.3
731,98,0,0,5,0,0.005,1,60.8
731,106,1,0,3,1,0.108,1,66
731,106,2,0,3,1,0.073,1,63.1
731,106,3,0,6,1,0.056,1,71.1
762,690,0,0,7,1,0.028,0,33
762,690,1,0,7,1,0.497,0,37.1
762,690,2,0,4,1,0.667,0,44.3
762,690,3,0,5,1,0.825,0,57.5
794,963,0,1,3,0,0.155,0,39.4
794,963,1,1,5,0,0.124,0,49.9
794,963,2,1,5,0,0.175,0,52.6
794,963,3,1,6,0,0.218,0,55
801,212,0,0,3,0,0.003,1,65.9
801,208,1,0,3,1,0.007,1,75.8
801,208,2,0,3,1,0.009,1,77.9
801,208,3,0,6,1,0.002,1,83.1
817,1018,0,1,5,1,0.023,0,55
817,1018,1,1,6,1,0.067,0,69.1
817,1018,2,1,4,1,0.05,0,61.8
817,1018,3,1,3,1,0.066,0,68.7
826,101,0,0,6,0,0.004,1,45.5
826,104,1,0,3,1,0.07,1,51.5
826,104,2,0,7,1,0.066,1,54.6
826,104,3,0,3,1,0.042,1,56.7
831,139,0,1,4,1,0.021,0,45.8
831,139,1,1,4,1,0.076,0,51.5
831,139,2,1,5,1,0.07,0,55.1
831,139,3,1,7,1,0.04,0,69.8
860,236,0,1,5,1,0.002,1,52.2
860,236,1,1,6,1,0.002,1,62.7
860,239,2,1,6,1,0.021,1,66.7
860,239,3,1,4,1,0.027,1,79.5
881,99,0,0,5,0,0.003,1,58.6
881,106,1,0,5,1,0.108,1,71.6
881,106,2,0,4,1,0.073,1,70.4
881,106,3,0,5,1,0.056,1,86.2
884,963,0,1,6,0,0.155,0,42.2
884,963,1,1,4,0,0.124,0,45.1
884,963,2,1,5,0,0.175,0,56.7
884,963,3,1,4,0,0.218,0,45
892,245,0,1,8,1,0.009,1,66.4
892,245,1,1,5,1,0.016,1,73.5
892,245,2,1,5,1,0.019,1,89.9
892,245,3,1,5,1,0.047,1,88.7
918,21,0,1,6,0,0.017,1,62.3
918,21,1,1,6,0,0.253,1,50.7
918,21,2,1,6,0,0.264,1,59
918,21,3,1,5,0,0.285,1,71.9
925,52,0,0,4,1,0.003,0,43
925,52,1,0,5,1,0.055,0,54.3
925,52,2,0,3,1,0.076,0,50.3
925,52,3,0,6,1,0.034,0,56.7
940,387,0,1,4,0,0.087,1,30.2
940,387,1,1,5,0,0.242,1,41.8
940,387,2,1,3,0,0.198,1,51.1
940,387,3,1,4,0,0.213,1,58.6
956,1002,0,0,4,1,0.058,0,40.7
956,1002,1,0,6,1,0.204,0,40.2
956,1002,2,0,4,1,0.082,0,38.2
956,1002,3,0,5,1,0.063,0,50.6
981,21,0,1,6,0,0.017,1,49.9
981,21,1,1,4,0,0.253,1,58.3
981,21,2,1,6,0,0.264,1,55.4
981,21,3,1,4,0,0.285,1,64.2
987,1033,0,0,6,1,0.006,1,52.2
987,1033,1,0,8,1,0.086,1,66.6
987,1033,2,0,6,1,0.067,1,61.8
987,1033,3,0,5,1,0.07,1,70.3
1012,245,0,1,6,1,0.009,1,42.2
1012,245,1,1,7,1,0.016,1,45.9
1012,245,2,1,6,1,0.019,1,47.9
1012,245,3,1,3,1,0.047,1,63.1
1019,714,0,1,5,1,0.028,1,41.4
1019,720,1,1,4,1,0.112,1,56.3
1019,720,2,1,5,1,0.119,1,60.7
1019,720,3,1,5,1,0.159,1,59.8
1070,194,0,1,7,1,0.004,0,76.4
1070,282,1,1,7,1,0.035,0,69.1
1070,282,2,1,3,1,0.06,0,71.2
1070,282,3,1,4,1,0.071,0,84.3
1083,1013,0,0,6,1,0.038,0,58.6
1083,1013,1,0,7,1,0.122,0,53.5
1083,1013,2,0,5,1,0.095,0,47.5
1083,1013,3,0,6,1,0.078,0,58.6
1092,212,0,1,5,0,0.003,1,60.3
1092,212,1,1,4,0,0.012,1,71.6
1092,212,2,1,5,0,0.025,1,69
1092,212,3,1,4,0,0.02,1,84.7
1119,315,0,1,5,1,0.003,0,39.4
1119,315,1,1,4,1,0.059,0,41.8
1119,315,2,1,7,1,0.098,0,57.9
1119,315,3,1,7,1,0.033,0,56.7
1132,504,0,0,7,1,0.004,0,51.1
1132,504,1,0,6,1,0.034,0,49.9
1132,504,2,0,4,1,0.022,0,53.9
1132,504,3,0,4,1,0.042,0,67.5
1152,258,0,0,5,0,0.003,1,53.6
1152,258,1,0,7,0,0.035,1,61.9
1152,258,2,0,3,0,0.06,1,70.4
1152,258,3,0,5,0,0.071,1,69.2
1193,147,0,1,6,1,0.002,1,53.9
1193,147,1,1,4,1,0.022,1,71.1
1193,147,2,1,5,1,0.016,1,67.9
1193,147,3,1,4,1,0.015,1,67.8
1234,43,0,0,8,0,0.018,0,47.5
1234,43,1,0,5,0,0.253,0,43.5
1234,43,2,0,4,0,0.264,0,51.5
1234,43,3,0,4,0,0.285,0,52.7
1277,1002,0,1,8,1,0.058,0,41.4
1277,1002,1,1,4,1,0.3,0,44.3
1277,1002,2,1,5,1,0.301,0,53.1
1277,1002,3,1,4,1,0.315,0,65.5
1321,1013,0,1,4,1,0.038,0,45.5
1321,1013,1,1,4,1,0.122,0,43.5
1321,1013,2,1,3,1,0.095,0,41.1
1321,1013,3,1,7,1,0.078,0,61.1
1332,99,0,0,4,0,0.003,1,59.1
1332,106,1,0,6,1,0.108,1,73.5
1332,106,2,0,7,1,0.073,1,77.9
1332,106,3,0,5,1,0.056,1,78.3
1364,963,0,1,5,0,0.155,0,44.2
1364,963,1,1,8,0,0.124,0,42.7
1364,963,2,1,6,0,0.175,0,41.5
1364,963,3,1,6,0,0.218,0,41.4
1377,236,0,1,8,1,0.002,1,67.8
1377,236,1,1,5,1,0.002,1,75.8
1377,239,2,1,4,1,0.021,1,86.8
1377,239,3,1,5,1,0.027,1,89.5
1404,666,0,0,6,1,0.017,0,47.5
1404,666,1,0,4,1,0.141,0,50.7
1404,666,2,0,4,1,0.2,0,45.9
1404,666,3,0,7,1,0.12,0,58.3
1433,76,0,0,4,1,0.006,1,40.7
1433,104,1,0,4,1,0.07,1,48.2
1433,104,2,0,5,1,0.066,1,62.6
1433,104,3,0,6,1,0.042,1,67.5
1466,448,0,1,7,0,0.01,0,51.9
1466,448,1,1,5,0,0.039,0,59.4
1466,448,2,1,6,0,0.539,0,60.7
1466,448,3,1,7,0,0.356,0,58.3
1505,100,0,0,6,0,0.004,1,78.7
1505,104,1,0,3,1,0.07,1,69.1
1505,104,2,0,6,1,0.066,1,76.3
1505,104,3,0,4,1,0.042,1,88.7
1516,212,0,0,6,0,0.003,1,74.7
1516,212,1,0,5,0,0.099,1,71.6
1516,212,2,0,4,0,0.071,1,83.2
1516,212,3,0,3,0,0.1,1,107.1
1526,963,0,0,4,0,0.155,0,3
1526,963,1,0,5,0,0.124,0,34.6
1526,963,2,0,5,0,0.175,0,34.2
1526,963,3,0,4,0,0.218,0,42.7
1547,100,0,1,3,0,0.004,1,60.8
1547,104,1,1,6,1,0.07,1,60.2
1547,104,2,1,5,1,0.066,1,84
1547,104,3,1,3,1,0.042,1,83.1
1571,258,0,1,5,0,0.003,1,40.7
1571,282,1,1,3,1,0.035,0,46.6
1571,282,2,1,3,1,0.06,0,41.1
1571,282,3,1,5,1,0.071,0,55.9
1594,103,0,1,6,1,0.007,0,62.3
1594,103,1,1,6,1,0.061,0,69.9
1594,103,2,1,3,1,0.032,0,76.3
1594,103,3,1,5,1,0.042,0,70.6
1614,258,0,1,5,0,0.003,1,49.9
1614,282,1,1,6,1,0.035,0,63
1614,282,2,1,4,1,0.06,0,74
1614,282,3,1,5,1,0.071,0,80.3
1659,103,0,0,5,1,0.007,0,36.6
1659,103,1,0,4,1,0.061,0,48.2
1659,103,2,0,6,1,0.032,0,52.6
1659,103,3,0,1,1,0.042,0,50.6
1685,690,0,1,3,1,0.028,0,40.7
1685,690,1,1,4,1,0.497,0,51.5
1685,690,2,1,4,1,0.667,0,52.6
1685,690,3,1,5,1,0.825,0,71.1
1694,1045,0,1,5,1,0.012,0,37.1
1694,1045,1,1,5,1,0.052,0,35.4
1694,1045,2,1,4,1,0.045,0,41.5
1694,1045,3,1,5,1,0.052,0,52.7
1712,194,0,1,5,1,0.004,0,37.8
1712,194,1,1,7,1,0.035,0,49.9
1712,194,2,1,5,1,0.06,0,49.5
1712,194,3,1,5,1,0.071,0,55.9
1763,77,0,1,6,0,0.006,1,57.8
1763,84,1,1,5,1,0.33,0,75.8
1763,84,2,1,8,1,0.39,0,79.5
1763,84,3,1,5,1,0.328,0,80.6
1773,714,0,0,4,1,0.028,1,35.8
1773,714,1,0,5,1,0.112,1,28.2
1773,714,2,0,5,1,0.175,1,56.7
1773,714,3,0,6,1,0.111,1,72.8
1781,178,0,1,4,1,0.009,0,48.6
1781,178,1,1,5,1,0.187,0,62.7
1781,178,2,1,2,1,0.142,0,52.3
1781,178,3,1,5,1,0.126,0,65.9
1816,1108,0,0,6,1,0.03,0,44.2
1816,1111,1,0,5,1,0.242,0,37.1
1816,1111,2,0,6,1,0.198,0,41.8
1816,1111,3,0,4,1,0.213,0,59.8
1821,99,0,0,4,0,0.003,1,94.7
1821,106,1,0,5,1,0.108,1,61.9
1821,106,2,0,5,1,0.073,1,66.7
1821,106,3,0,5,1,0.056,1,77
1873,1018,0,0,4,1,0.023,0,85.9
1873,1018,1,0,4,1,0.067,0,100.8
1873,1018,2,0,6,1,0.05,0,104
1873,1018,3,0,5,1,0.066,0,88.7
1911,1110,0,0,4,1,0.034,0,46.3
1911,1110,1,0,5,1,0.238,0,49.9
1911,1110,2,0,9,1,0.209,0,63.1
1911,1110,3,0,3,1,0.19,0,75.6
1914,81,0,1,5,1,0.112,0,39.4
1914,84,1,1,6,1,0.33,0,46.6
1914,84,2,1,5,1,0.39,0,49.5
1914,84,3,1,4,1,0.328,0,58.6
1952,704,0,0,2,0,0.006,0,29.4
1952,704,1,0,5,0,0.029,0,38.7
1952,704,2,0,6,0,0.047,0,41.1
1952,704,3,0,5,0,0.034,0,54.2
1956,194,0,0,6,1,0.004,0,40.7
1956,194,1,0,4,1,0.035,0,49.1
1956,194,2,0,5,1,0.06,0,57.6
1956,194,3,0,6,1,0.071,0,66.4
1967,100,0,1,4,0,0.004,1,65.9
1967,106,1,1,6,1,0.108,1,60.7
1967,106,2,1,6,1,0.073,1,77.9
1967,106,3,1,6,1,0.056,1,83.1
1983,586,0,1,5,1,0.017,0,62.3
1983,586,1,1,5,1,0.099,0,78.3
1983,586,2,1,4,1,0.132,0,70.4
1983,586,3,1,5,1,0.108,0,79.5
2009,98,0,1,8,0,0.005,1,59.1
2009,106,1,1,3,1,0.108,1,60.7
2009,106,2,1,4,1,0.073,1,67.9
2009,106,3,1,3,1,0.056,1,77
2038,898,0,1,5,1,0.083,1,53.9
2038,833,1,1,4,1,0.189,0,49.9
2038,833,2,1,4,1,0.228,0,69
2038,833,3,1,4,1,0.143,0,82
2047,133,0,1,4,1,0.005,1,45.5
2047,133,1,1,6,1,0.017,1,50.7
2047,133,2,1,5,1,0.035,1,56.7
2047,133,3,1,6,1,0.031,1,60.6
2064,99,0,0,5,0,0.003,1,57.8
2064,99,1,0,5,0,0.108,1,66
2064,99,2,0,5,0,0.073,1,69.9
2064,99,3,0,5,0,0.056,1,74.2
2065,1110,0,1,3,1,0.034,0,30.2
2065,1111,1,1,5,1,0.242,0,45.1
2065,1111,2,1,4,1,0.198,0,51.5
2065,1111,3,1,3,1,0.213,0,55
2066,515,0,0,3,0,0.036,1,41.4
2066,519,1,0,4,1,0.168,0,56.3
2066,519,2,0,5,1,0.189,0,60.7
2066,519,3,0,5,1,0.113,0,55.9
2106,98,0,1,5,0,0.005,1,52.7
2106,106,1,1,7,1,0.108,1,56.3
2106,106,2,1,4,1,0.073,1,63.1
2106,106,3,1,4,1,0.056,1,61.1
2114,212,0,1,7,0,0.003,1,74.7
2114,212,1,1,5,0,0.012,1,68.3
2114,212,2,1,5,0,0.025,1,69
2114,212,3,1,5,0,0.02,1,85.6
2117,236,0,1,4,1,0.002,1,62.3
2117,243,1,1,5,1,0.058,1,97.5
2117,243,2,1,5,1,0.019,1,76.3
2117,243,3,1,4,1,0.009,1,85.6
2122,387,0,0,4,0,0.087,1,57.8
2122,387,1,0,4,0,0.109,1,65.5
2122,388,2,0,4,1,0.176,0,65.9
2122,388,3,0,5,1,0.447,0,61.4
2154,133,0,0,4,1,0.005,1,43.5
2154,133,1,0,5,1,0.017,1,73.5
2154,133,2,0,6,1,0.035,1,52.6
2154,133,3,0,6,1,0.031,1,55
2190,1040,0,0,4,1,0.006,0,52.7
2190,1040,1,0,5,1,0.052,0,71.1
2190,1040,2,0,5,1,0.045,0,67.9
2190,1040,3,0,6,1,0.052,0,76.4
2222,258,0,1,5,0,0.003,1,63.9
2222,282,1,1,5,1,0.035,0,69.1
2222,282,2,1,7,1,0.06,0,74
2222,282,3,1,7,1,0.071,0,78.3
2267,77,0,1,6,0,0.006,1,44.2
2267,84,1,1,3,1,0.33,0,44.3
2267,84,2,1,5,1,0.39,0,45.9
2267,84,3,1,3,1,0.328,0,52.2
2320,1104,0,0,3,0,0.014,0,36.3
2320,1104,1,0,4,0,0.242,0,50.7
2320,1104,2,0,3,0,0.198,0,41.5
2320,1104,3,0,4,0,0.213,0,56.7
2357,103,0,1,5,1,0.007,0,67.8
2357,103,1,1,3,1,0.061,0,79.1
2357,103,2,1,6,1,0.032,0,84
2357,103,3,1,5,1,0.042,0,94.3
2360,1058,0,1,4,1,0.015,0,70.3
2360,1058,1,1,7,1,0.086,0,67.5
2360,1058,2,1,6,1,0.067,0,89.9
2360,1058,3,1,6,1,0.07,0,90.7
2394,77,0,1,4,0,0.006,1,25
2394,84,1,1,7,1,0.33,0,38.2
2394,84,2,1,3,1,0.39,0,47
2394,84,3,1,5,1,0.328,0,58.3
2396,1110,0,0,4,1,0.034,0,29.4
2396,1111,1,0,4,1,0.242,0,42.7
2396,1111,2,0,5,1,0.198,0,38.2
2396,1111,3,0,4,1,0.213,0,51.4
2420,1040,0,1,3,1,0.006,0,50.8
2420,1040,1,1,3,1,0.052,0,60.7
2420,1040,2,1,4,1,0.045,0,71.8
2420,1040,3,1,5,1,0.052,0,77
2468,660,0,0,5,1,0.006,0,53.9
2468,660,1,0,4,1,0.064,0,62.7
2468,660,2,0,6,1,0.089,0,71.8
2468,660,3,0,4,1,0.074,0,72.8
2497,100,0,1,6,0,0.004,1,63.9
2497,100,1,1,2,0,0.108,1,59.4
2497,100,2,1,6,0,0.073,1,65.9
2497,100,3,1,5,0,0.056,1,59.8
2521,1110,0,0,3,1,0.034,0,23
2521,1110,1,0,4,1,0.242,0,33
2521,1110,2,0,5,1,0.198,0,29.5
2521,1110,3,0,5,1,0.213,0,42.7
2528,1033,0,0,3,1,0.006,1,78.7
2528,1033,1,0,7,1,0.086,1,69.9
2528,1033,2,0,8,1,0.067,1,110.4
2528,1033,3,0,6,1,0.07,1,97.1
2531,1038,0,1,3,0,0.016,1,58.6
2531,1048,1,1,2,1,0.076,1,69.9
2531,1048,2,1,7,1,0.073,1,75.1
2531,1048,3,1,4,1,0.107,1,74.2
2565,1018,0,1,6,1,0.023,0,55.8
2565,1018,1,1,4,1,0.067,0,69.1
2565,1018,2,1,5,1,0.05,0,60.3
2565,1018,3,1,5,1,0.066,0,69.5
2576,714,0,1,1,1,0.028,1,39.4
2576,720,1,1,5,1,0.112,1,44.3
2576,720,2,1,6,1,0.119,1,38.2
2576,720,3,1,6,1,0.159,1,54.2
2598,666,0,0,4,1,0.017,0,26.6
2598,666,1,0,4,1,0.141,0,32.3
2598,666,2,0,3,1,0.2,0,39.5
2598,666,3,0,4,1,0.12,0,55
2602,1104,0,0,6,0,0.014,0,49.9
2602,1111,1,0,5,1,0.242,0,68.3
2602,1111,2,0,4,1,0.198,0,71.8
2602,1111,3,0,7,1,0.213,0,79.5
2612,387,0,0,3,0,0.087,1,27.1
2612,387,1,0,4,0,0.109,1,35.1
2612,388,2,0,4,1,0.176,0,35.1
2612,388,3,0,6,1,0.447,0,53.1
2653,1108,0,0,6,1,0.03,0,49.9
2653,1108,1,0,4,1,0.271,0,49.1
2653,1108,2,0,4,1,0.241,0,51.8
2653,1108,3,0,8,1,0.238,0,68.3
2695,194,0,1,5,1,0.004,0,59.1
2695,282,1,1,3,1,0.035,0,60.7
2695,282,2,1,6,1,0.06,0,57.9
2695,282,3,1,5,1,0.071,0,71.9
2702,1104,0,1,6,0,0.014,0,30.2
2702,1111,1,1,4,1,0.242,0,43.5
2702,1111,2,1,4,1,0.198,0,45.1
2702,1111,3,1,4,1,0.213,0,49.1
2707,506,0,1,5,1,0.026,0,47.2
2707,506,1,1,6,1,0.129,0,56.3
2707,506,2,1,5,1,0.127,0,57.9
2707,506,3,1,5,1,0.132,0,69.2
2712,1006,0,1,3,1,0.022,0,65.9
2712,1006,1,1,4,1,0.3,0,68.3
2712,1006,2,1,4,1,0.301,0,69
2712,1006,3,1,6,1,0.315,0,84.3
2737,666,0,1,7,1,0.017,0,71.4
2737,666,1,1,5,1,0.065,0,78.3
2737,666,2,1,5,1,0.12,0,86.8
2737,666,3,1,7,1,0.097,0,89.5
2755,963,0,1,6,0,0.155,0,30.7
2755,963,1,1,6,0,0.124,0,50.7
2755,963,2,1,5,0,0.175,0,50.3
2755,963,3,1,5,0,0.218,0,41.4
2807,236,0,1,4,1,0.002,1,25.5
2807,236,1,1,2,1,0.002,1,42.7
2807,236,2,1,4,1,0.021,1,41.8
2807,236,3,1,4,1,0.027,1,47.8
2809,1078,0,1,6,1,0.018,0,46.3
2809,1078,1,1,5,1,0.164,0,54.3
2809,1078,2,1,5,1,0.144,0,67.9
2809,1078,3,1,6,1,0.123,0,77
2835,101,0,1,4,0,0.004,1,63.9
2835,104,1,1,5,1,0.07,1,66
2835,104,2,1,6,1,0.066,1,69
2835,104,3,1,3,1,0.042,1,89.5
2919,77,0,1,5,0,0.006,1,45
2919,84,1,1,3,1,0.33,0,45.1
2919,84,2,1,6,1,0.39,0,63.1
2919,84,3,1,4,1,0.328,0,58.6
2961,515,0,0,8,0,0.036,1,44.2
2961,519,1,0,4,1,0.168,0,63
2961,519,2,0,6,1,0.189,0,65.9
2961,519,3,0,3,1,0.113,0,74.2
2964,1104,0,1,5,0,0.014,0,55.8
2964,1111,1,1,5,1,0.242,0,60.2
2964,1111,2,1,5,1,0.198,0,61.8
2964,1111,3,1,6,1,0.213,0,79.5
2976,387,0,0,5,0,0.087,1,51.1
2976,387,1,0,3,0,0.109,1,53.5
2976,387,2,0,4,0,0.123,1,59
2976,387,3,0,3,0,0.233,1,71.1
2979,76,0,1,5,1,0.006,1,43.5
2979,115,1,1,4,1,0.137,1,52.7
2979,115,2,1,5,1,0.168,1,55.9
2979,115,3,1,6,1,0.115,1,62.8
3020,714,0,1,3,1,0.028,1,60.8
3020,720,1,1,5,1,0.112,1,63.8
3020,720,2,1,6,1,0.119,1,67.9
3020,720,3,1,5,1,0.159,1,73.4
3047,212,0,0,5,0,0.003,1,62.3
3047,212,1,0,4,0,0.012,1,57.1
3047,212,2,0,5,0,0.025,1,66.7
3047,212,3,0,6,0,0.02,1,65
3077,1108,0,1,6,1,0.03,0,34.2
3077,1108,1,1,4,1,0.242,0,45.9
3077,1108,2,1,5,1,0.198,0,43.1
3077,1108,3,1,8,1,0.213,0,50.6
3108,387,0,1,5,0,0.087,1,26.6
3108,387,1,1,3,0,0.109,1,33
3108,387,2,1,4,0,0.176,1,34.2
3108,387,3,1,3,0,0.273,1,38.6
3122,963,0,1,5,0,0.155,0,33
3122,963,1,1,2,0,0.327,0,40.2
3122,963,2,1,5,0,0.41,0,49.5
3122,963,3,1,6,0,0.36,0,47
3126,258,0,1,5,0,0.003,1,57.5
3126,282,1,1,4,1,0.035,0,56.3
3126,282,2,1,4,1,0.06,0,76.3
3126,282,3,1,5,1,0.071,0,74.2
3142,1002,0,0,6,1,0.058,0,36.3
3142,1002,1,0,7,1,0.3,0,37.1
3142,1002,2,0,6,1,0.301,0,52.3
3142,1002,3,0,5,1,0.315,0,56.7
3146,704,0,1,5,0,0.006,0,49.4
3146,704,1,1,3,0,0.029,0,64.3
3146,704,2,1,7,0,0.047,0,71.8
3146,704,3,1,5,0,0.034,0,73.4
3208,276,0,0,6,0,0.003,1,47.2
3208,276,1,0,4,0,0.012,1,53.5
3208,276,2,0,4,0,0.025,1,56.2
3208,276,3,0,4,0,0.02,1,62.8
3291,99,0,1,6,0,0.003,1,51.1
3291,106,1,1,4,1,0.108,1,49.1
3291,106,2,1,5,1,0.073,1,64.6
3291,106,3,1,6,1,0.056,1,64.7
3306,101,0,0,6,0,0.004,1,57.5
3306,101,1,0,4,0,0.07,1,59.4
3306,101,2,0,5,0,0.066,1,64.6
3306,101,3,0,5,0,0.042,1,73.4
3323,147,0,1,4,1,0.002,1,56.7
3323,147,1,1,5,1,0.022,1,67.5
3323,147,2,1,5,1,0.016,1,64
3323,147,3,1,6,1,0.015,1,75.1
3346,212,0,0,3,0,0.003,1,67.8
3346,212,1,0,3,0,0.012,1,88.3
3346,212,2,0,6,0,0.025,1,83.2
3346,212,3,0,5,0,0.02,1,90.7
3385,124,0,0,6,1,0.003,0,47.5
3385,124,1,0,5,1,0.083,0,60.7
3385,124,2,0,4,1,0.116,0,63.1
3385,124,3,0,5,1,0.075,0,66.4
3402,236,0,1,5,1,0.002,1,62.3
3402,239,1,1,5,1,0.026,1,75.8
3402,239,2,1,6,1,0.021,1,77.9
3402,239,3,1,3,1,0.027,1,98.4
3436,1013,0,0,4,1,0.038,0,52.7
3436,1013,1,0,4,1,0.122,0,71.6
3436,1013,2,0,5,1,0.095,0,59.8
3436,1013,3,0,4,1,0.1,0,84.7
3448,194,0,0,5,1,0.004,0,63.9
3448,194,1,0,5,1,0.035,0,64.3
3448,194,2,0,3,1,0.06,0,65.9
3448,194,3,0,4,1,0.071,0,78.3
3473,77,0,1,6,0,0.006,1,57.5
3473,84,1,1,8,1,0.33,0,64.3
3473,84,2,1,4,1,0.39,0,76.3
3473,84,3,1,4,1,0.328,0,72.8
3487,286,0,0,4,1,0.014,0,70.3
3487,286,1,0,8,1,0.099,0,69.1
3487,286,2,0,5,1,0.071,0,70.4
3487,286,3,0,5,1,0.1,0,77
3552,1002,0,0,6,1,0.058,0,50.8
3552,1002,1,0,5,1,0.204,0,49.9
3552,1002,2,0,5,1,0.26,0,59.8
3552,1002,3,0,4,1,0.132,0,63.9
3570,963,0,0,7,0,0.155,0,42.2
3570,963,1,0,6,0,0.124,0,51.5
3570,963,2,0,6,0,0.175,0,45.1
3570,963,3,0,4,0,0.218,0,43.9
3576,81,0,0,5,1,0.112,0,58.6
3576,84,1,0,5,1,0.33,0,67.5
3576,84,2,0,5,1,0.39,0,73.1
3576,84,3,0,6,1,0.328,0,78.3
3613,81,0,0,6,1,0.112,0,67.8
3613,84,1,0,4,1,0.33,0,88.3
3613,84,2,0,6,1,0.39,0,85.1
3613,84,3,0,5,1,0.328,0,97.1
3617,963,0,1,4,0,0.155,0,44.2
3617,963,1,1,5,0,0.124,0,53.5
3617,963,2,1,5,0,0.175,0,48.7
3617,963,3,1,4,0,0.218,0,61.1
3635,1033,0,1,4,1,0.006,1,54.7
3635,1033,1,1,3,1,0.086,1,61.9
3635,1033,2,1,4,1,0.067,1,67.9
3635,1033,3,1,4,1,0.07,1,68.7
3644,1045,0,0,4,1,0.012,0,60.8
3644,1045,1,0,7,1,0.052,0,78.3
3644,1045,2,0,5,1,0.045,0,62.6
3644,1045,3,0,4,1,0.052,0,70.6
3666,98,0,0,6,0,0.005,1,85.9
3666,106,1,0,7,1,0.108,1,73.5
3666,106,2,0,6,1,0.073,1,79.9
3666,106,3,0,6,1,0.056,1,110.7
3674,714,0,0,4,1,0.028,1,31.9
3674,714,1,0,5,1,0.112,1,45.1
3674,714,2,0,6,1,0.119,1,59.8
3674,714,3,0,5,1,0.159,1,57.8
3679,1002,0,0,6,1,0.058,0,67.8
3679,1002,1,0,4,1,0.3,0,75.8
3679,1002,2,0,6,1,0.301,0,77.9
3679,1002,3,0,4,1,0.315,0,68.3
3695,258,0,1,6,0,0.003,1,78.7
3695,193,1,1,7,1,0.098,0,71.1
3695,193,2,1,4,1,0.062,0,89.9
3695,193,3,1,5,1,0.046,0,102
3697,898,0,0,3,1,0.083,1,63.9
3697,898,1,0,7,1,0.342,1,38.7
3697,898,2,0,3,1,0.365,1,44.3
3697,898,3,0,5,1,0.263,1,57.8
3718,1019,0,0,7,1,0.032,0,65.9
3718,1019,1,0,3,1,0.118,0,60.2
3718,1019,2,0,3,1,0.133,0,77.9
3718,1019,3,0,5,1,0.134,0,78.3
3771,121,0,1,4,1,0.024,0,38.6
3771,121,1,1,6,1,0.083,0,47.4
3771,121,2,1,8,1,0.116,0,57.6
3771,121,3,1,4,1,0.075,0,67.5
3796,714,0,1,4,1,0.028,1,45
3796,720,1,1,5,1,0.112,1,56.3
3796,720,2,1,4,1,0.119,1,47.5
3796,720,3,1,7,1,0.159,1,57.5
3800,212,0,1,4,0,0.003,1,41.4
3800,274,1,1,3,1,0.012,1,55.1
3800,274,2,1,7,1,0.025,1,49.5
3800,274,3,1,6,1,0.02,1,65.5
3817,666,0,0,4,1,0.017,0,31.4
3817,666,1,0,6,1,0.141,0,37.1
3817,666,2,0,5,1,0.2,0,40.6
3817,666,3,0,5,1,0.12,0,41.4
3829,258,0,1,3,0,0.003,1,56.7
3829,282,1,1,5,1,0.035,0,68.3
3829,282,2,1,5,1,0.06,0,83.2
3829,282,3,1,3,1,0.071,0,75.6
3836,258,0,1,4,0,0.003,1,49.1
3836,282,1,1,3,1,0.035,0,54.3
3836,282,2,1,5,1,0.06,0,54.6
3836,282,3,1,5,1,0.071,0,60.6
3857,194,0,1,5,1,0.004,0,59.1
3857,282,1,1,4,1,0.035,0,54.3
3857,282,2,1,6,1,0.06,0,62.6
3857,282,3,1,4,1,0.071,0,79.5
3867,1058,0,0,5,1,0.015,0,71.4
3867,1058,1,0,5,1,0.052,0,79.1
3867,1058,2,0,4,1,0.045,0,79.9
3867,1058,3,0,6,1,0.052,0,104.8
3868,1078,0,0,3,1,0.018,0,46.3
3868,1078,1,0,6,1,0.164,0,54.3
3868,1078,2,0,5,1,0.144,0,59.8
3868,1078,3,0,5,1,0.123,0,69.2
3888,1104,0,0,4,0,0.014,0,18.3
3888,1111,1,0,7,1,0.242,0,33
3888,1111,2,0,4,1,0.198,0,44.6
3888,1111,3,0,2,1,0.213,0,47
3930,660,0,1,7,1,0.006,0,48.6
3930,660,1,1,5,1,0.012,0,68.3
3930,660,2,1,5,1,0.03,0,71.8
3930,660,3,1,5,1,0.043,0,94.3
3960,98,0,1,5,0,0.005,1,63.9
3960,98,1,1,6,0,0.108,1,88.3
3960,98,2,1,7,0,0.073,1,75.1
3960,98,3,1,7,0,0.056,1,88.7
4012,81,0,0,4,1,0.112,0,42.2
4012,81,1,0,5,1,0.33,0,60.2
4012,81,2,0,5,1,0.39,0,69
4012,81,3,0,7,1,0.328,0,67.8
4027,276,0,0,6,0,0.003,1,74.7
4027,274,1,0,5,1,0.012,1,71.1
4027,274,2,0,7,1,0.025,1,73.1
4027,274,3,0,5,1,0.02,1,84.3
4060,286,0,0,5,1,0.014,0,54.7
4060,286,1,0,6,1,0.099,0,73.5
4060,286,2,0,2,1,0.071,0,79.9
4060,286,3,0,5,1,0.1,0,83.1
4069,704,0,1,3,0,0.006,0,47.2
4069,704,1,1,5,0,0.029,0,66.6
4069,704,2,1,5,0,0.047,0,79.9
4069,704,3,1,5,0,0.034,0,87.9
4103,696,0,1,6,1,0.102,0,37.8
4103,696,1,1,7,1,0.489,0,45.1
4103,696,2,1,5,1,0.451,0,33.1
4103,696,3,1,5,1,0.621,0,43.4
4107,98,0,0,5,0,0.005,1,78.7
4107,106,1,0,6,1,0.108,1,73.5
4107,106,2,0,7,1,0.073,1,76.3
4107,106,3,0,6,1,0.056,1,100.3
4128,50,0,0,4,1,0.002,0,40.7
4128,50,1,0,3,1,0.09,0,38.2
4128,50,2,0,6,1,0.06,0,44.6
4128,50,3,0,4,1,0.068,0,61.9
4134,194,0,1,7,1,0.004,0,52.2
4134,282,1,1,5,1,0.035,0,55.5
4134,282,2,1,4,1,0.06,0,65.9
4134,282,3,1,5,1,0.071,0,59.8
4222,99,0,1,6,0,0.003,1,73.1
4222,99,1,1,8,0,0.061,1,85.8
4222,99,2,1,4,0,0.032,1,81
4222,99,3,1,4,0,0.042,1,110.7
4245,1108,0,0,6,1,0.03,0,32.2
4245,1108,1,0,6,1,0.271,0,41
4245,1108,2,0,5,1,0.241,0,43.9
4245,1108,3,0,4,1,0.238,0,54.2
4315,258,0,0,4,0,0.003,1,76.4
4315,282,1,0,2,1,0.035,0,73.5
4315,282,2,0,8,1,0.06,0,81
4315,282,3,0,4,1,0.071,0,86.2
4399,101,0,1,5,0,0.004,1,62.3
4399,101,1,1,4,0,0.041,1,67.5
4399,101,2,1,4,0,0.056,1,81.8
4399,101,3,1,4,0,0.046,1,92
4407,1104,0,1,5,0,0.014,0,57.8
4407,1111,1,1,5,1,0.242,0,56.3
4407,1111,2,1,5,1,0.198,0,64.6
4407,1111,3,1,3,1,0.213,0,73.4
4408,24,0,0,6,1,0.025,1,51.1
4408,24,1,0,7,1,0.137,1,59.4
4408,24,2,0,4,1,0.085,1,67.9
4408,24,3,0,4,1,0.108,1,67.5
4419,1040,0,1,5,1,0.006,0,47.5
4419,1040,1,1,5,1,0.052,0,71.1
4419,1040,2,1,4,1,0.045,0,71.2
4419,1040,3,1,4,1,0.052,0,80.6
4542,1038,0,1,8,0,0.016,1,66.4
4542,1048,1,1,5,1,0.076,1,65.5
4542,1048,2,1,5,1,0.073,1,65.9
4542,1048,3,1,7,1,0.107,1,77
4556,1002,0,0,4,1,0.058,0,73.1
4556,1002,1,0,4,1,0.204,0,78.3
4556,1002,2,0,4,1,0.26,0,79.5
4556,1002,3,0,5,1,0.132,0,77
4579,212,0,1,4,0,0.003,1,73.1
4579,212,1,1,4,0,0.012,1,79.1
4579,212,2,1,5,0,0.025,1,83.2
4579,212,3,1,5,0,0.02,1,89.5
4583,124,0,0,4,1,0.003,0,63.9
4583,124,1,0,7,1,0.063,0,68.3
4583,124,2,0,6,1,0.066,0,71.8
4583,124,3,0,5,1,0.099,0,73.4
4591,1019,0,1,5,1,0.032,0,42.2
4591,1019,1,1,4,1,0.118,0,49.1
4591,1019,2,1,6,1,0.05,0,55.9
4591,1019,3,1,3,1,0.066,0,58.6
4605,309,0,1,4,1,0.021,0,45
4605,309,1,1,2,1,0.069,0,43.5
4605,309,2,1,3,1,0.095,0,43.1
4605,309,3,1,3,1,0.078,0,52.7
4631,1013,0,1,5,1,0.038,0,71.4
4631,1013,1,1,5,1,0.122,0,71.6
4631,1013,2,1,6,1,0.095,0,64
4631,1013,3,1,7,1,0.078,0,68.7
4647,1016,0,1,6,1,0.021,0,66.4
4647,1016,1,1,4,1,0.067,0,69.9
4647,1016,2,1,9,1,0.05,0,76.3
4647,1016,3,1,4,1,0.066,0,84.3
4676,1038,0,1,6,0,0.016,1,63.9
4676,1048,1,1,6,1,0.076,1,79.1
4676,1048,2,1,4,1,0.073,1,63.5
4676,1048,3,1,4,1,0.107,1,78.3
4679,99,0,1,2,0,0.003,1,35.5
4679,106,1,1,5,1,0.108,1,38.2
4679,106,2,1,5,1,0.073,1,43.9
4679,106,3,1,4,1,0.056,1,50.6
4680,194,0,1,3,1,0.004,0,47.5
4680,282,1,1,6,1,0.035,0,49.9
4680,282,2,1,3,1,0.06,0,63.5
4680,282,3,1,4,1,0.071,0,70.6
4717,963,0,1,5,0,0.155,0,25.8
4717,963,1,1,6,0,0.982,0,40.2
4717,963,2,1,1,0,0.401,0,33.1
4717,963,3,1,6,0,0.247,0,40.3
4738,515,0,0,6,0,0.036,1,42.2
4738,519,1,0,6,1,0.168,0,61.5
4738,519,2,0,6,1,0.189,0,66.7
4738,519,3,0,5,1,0.113,0,78.3
4770,315,0,1,5,1,0.003,0,40.7
4770,299,1,1,4,1,0.029,0,43.5
4770,299,2,1,3,1,0.054,0,45.4
4770,299,3,1,6,1,0.052,0,52.7
4814,178,0,1,5,1,0.009,0,71.4
4814,178,1,1,5,1,0.187,0,75.8
4814,178,2,1,4,1,0.142,0,86.8
4814,178,3,1,5,1,0.126,0,79.5
4866,43,0,0,4,0,0.018,0,43
4866,43,1,0,4,0,0.163,0,65.5
4866,43,2,0,7,0,0.205,0,45.1
4866,43,3,0,5,0,0.151,0,73.4
4868,690,0,1,5,1,0.028,0,37.1
4868,690,1,1,3,1,0.497,0,39.1
4868,690,2,1,4,1,0.667,0,51.8
4868,690,3,1,4,1,0.825,0,50.6
4893,103,0,1,6,1,0.007,0,71.4
4893,103,1,1,6,1,0.061,0,60.7
4893,103,2,1,3,1,0.032,0,69
4893,103,3,1,4,1,0.042,0,65
4928,99,0,1,4,0,0.003,1,55.8
4928,106,1,1,3,1,0.108,1,62.7
4928,106,2,1,4,1,0.073,1,59.5
4928,106,3,1,1,1,0.056,1,67
4945,714,0,0,6,1,0.028,1,47.8
4945,720,1,0,4,1,0.112,1,45.9
4945,720,2,0,6,1,0.119,1,49.5
4945,720,3,0,4,1,0.159,1,59.8
4954,258,0,1,5,0,0.003,1,48.6
4954,282,1,1,5,1,0.035,0,39.4
4954,282,2,1,3,1,0.06,0,47.5
4954,282,3,1,4,1,0.071,0,62.3
4979,1038,0,0,6,0,0.016,1,47.8
4979,1048,1,0,5,1,0.076,1,53.5
4979,1048,2,0,6,1,0.073,1,39
4979,1048,3,0,5,1,0.107,1,52.7
5014,52,0,0,7,1,0.003,0,52.2
5014,52,1,0,4,1,0.055,0,54.3
5014,52,2,0,4,1,0.076,0,53.9
5014,52,3,0,7,1,0.034,0,57.5
5101,1045,0,1,5,1,0.012,0,67.8
5101,1045,1,1,5,1,0.052,0,83
5101,1045,2,1,5,1,0.045,0,76.3
5101,1045,3,1,6,1,0.052,0,89.5
5161,506,0,1,7,1,0.026,0,60.8
5161,506,1,1,5,1,0.129,0,56.3
5161,506,2,1,4,1,0.127,0,51.8
5161,506,3,1,5,1,0.132,0,58.6
5162,76,0,0,5,1,0.006,1,60.8
5162,76,1,0,6,1,0.07,1,73.5
5162,76,2,0,4,1,0.066,1,77.9
5162,76,3,0,4,1,0.042,1,75.6
5179,156,0,0,4,1,0.009,1,57.5
5179,156,1,0,5,1,0.022,1,69.1
5179,156,2,0,7,1,0.016,1,69
5179,156,3,0,5,1,0.015,1,78.3
5197,212,0,0,5,0,0.003,1,44.2
5197,274,1,0,3,1,0.012,1,41.8
5197,274,2,0,5,1,0.025,1,47.5
5197,274,3,0,5,1,0.02,1,48.6
5214,169,0,0,6,0,0.034,0,39.4
5214,169,1,0,4,0,0.063,0,42.7
5214,169,2,0,4,0,0.92,0,55.1
5214,169,3,0,3,0,0.92,0,50.6
5245,100,0,1,4,0,0.004,1,51.9
5245,100,1,1,3,0,0.108,1,41
5245,100,2,1,6,0,0.073,1,57.1
5245,100,3,1,5,0,0.056,1,58.3
5282,704,0,0,3,0,0.006,0,35.8
5282,704,1,0,2,0,0.029,0,39.1
5282,704,2,0,7,0,0.047,0,58.7
5282,704,3,0,4,0,0.621,0,48.6
5323,81,0,0,6,1,0.112,0,29.4
5323,92,1,0,4,1,0.325,1,36.3
5323,92,2,0,5,1,0.337,1,44.6
5323,92,3,0,4,1,0.318,1,45
5362,276,0,0,4,0,0.003,1,73.1
5362,276,1,0,4,0,0.012,1,73.5
5362,276,2,0,5,0,0.025,1,77.9
5362,276,3,0,6,0,0.02,1,97.1
5363,690,0,1,4,1,0.028,0,49.9
5363,690,1,1,5,1,0.497,0,49.9
5363,690,2,1,5,1,0.667,0,52.6
5363,690,3,1,4,1,0.825,0,65.5
5377,236,0,1,4,1,0.002,1,55
5377,236,1,1,6,1,0.058,1,79.1
5377,236,2,1,6,1,0.019,1,66.7
5377,236,3,1,5,1,0.009,1,102
5407,1002,0,0,5,1,0.058,0,36.6
5407,1002,1,0,4,1,0.3,0,42.7
5407,1002,2,0,4,1,0.301,0,47.5
5407,1002,3,0,6,1,0.315,0,55.9
5411,387,0,0,4,0,0.087,1,59.1
5411,387,1,0,4,0,0.109,1,66
5411,387,2,0,5,0,0.128,1,70.4
5411,387,3,0,7,0,0.098,1,73.4
5418,52,0,0,7,1,0.003,0,74.7
5418,52,1,0,5,1,0.055,0,71.6
5418,52,2,0,5,1,0.076,0,89.9
5418,52,3,0,7,1,0.034,0,85.6
5434,677,0,1,5,1,0.002,0,47.5
5434,677,1,1,3,1,0.005,0,59.4
5434,677,2,1,6,1,0.01,0,70.4
5434,677,3,1,5,1,0.012,0,68.3
5438,24,0,0,5,1,0.025,1,29.4
5438,24,1,0,5,1,0.137,1,41.8
5438,24,2,0,3,1,0.085,1,38.7
5438,24,3,0,5,1,0.108,1,49.1
5485,101,0,0,5,0,0.004,1,76.4
5485,101,1,0,3,0,0.07,1,81.6
5485,101,2,0,5,0,0.066,1,79.9
5485,101,3,0,5,0,0.042,1,88.7
5547,124,0,0,5,1,0.003,0,22.7
5547,124,1,0,4,1,0.083,0,31
5547,124,2,0,4,1,0.116,0,35.1
5547,124,3,0,3,1,0.075,0,34.2
5562,188,0,1,5,1,0.027,0,53.6
5562,188,1,1,3,1,0.128,0,41
5562,188,2,1,5,1,0.156,0,47.9
5562,188,3,1,6,1,0.064,0,55
5651,169,0,0,6,0,0.034,0,57.5
5651,169,1,0,4,0,0.229,0,65.5
5651,169,2,0,5,0,0.17,0,73.1
5651,169,3,0,4,0,0.165,0,74.2
5654,315,0,1,6,1,0.003,0,25
5654,299,1,1,6,1,0.029,0,32.3
5654,299,2,1,8,1,0.054,0,46.7
5654,299,3,1,5,1,0.052,0,47.8
5722,169,0,0,5,0,0.034,0,63.9
5722,169,1,0,7,0,0.063,0,73.5
5722,169,2,0,4,0,0.066,0,81.8
5722,169,3,0,6,0,0.099,0,90.7
5773,133,0,1,5,1,0.005,1,40.7
5773,133,1,1,2,1,0.017,1,40.2
5773,133,2,1,5,1,0.035,1,47.9
5773,133,3,1,4,1,0.031,1,67
5813,24,0,1,5,1,0.025,1,57.5
5813,24,1,1,0,1,0.137,1,53.5
5813,24,2,1,7,1,0.085,1,61.2
5813,24,3,1,7,1,0.108,1,66.7
5873,1110,0,1,5,1,0.034,0,40.7
5873,1110,1,1,4,1,0.242,0,49.9
5873,1110,2,1,7,1,0.198,0,54.3
5873,1110,3,1,3,1,0.213,0,76.4
5898,100,0,1,5,0,0.004,1,65.9
5898,100,1,1,6,0,0.108,1,63
5898,100,2,1,4,0,0.073,1,76.3
5898,100,3,1,4,0,0.056,1,85.6
5917,100,0,0,3,0,0.004,1,41.4
5917,106,1,0,7,1,0.108,1,38.2
5917,106,2,0,5,1,0.073,1,40.3
5917,106,3,0,4,1,0.056,1,57.5
5950,1104,0,0,3,0,0.014,0,49.9
5950,1111,1,0,5,1,0.242,0,53.5
5950,1111,2,0,6,1,0.198,0,53.9
5950,1111,3,0,3,1,0.213,0,68.7
5975,178,0,1,5,1,0.009,0,24.2
5975,178,1,1,5,1,0.187,0,41.8
5975,178,2,1,5,1,0.142,0,55.4
5975,178,3,1,6,1,0.126,0,53.1
5984,1110,0,1,3,1,0.034,0,37.8
5984,1111,1,1,5,1,0.242,0,49.1
5984,1111,2,1,5,1,0.198,0,50.3
5984,1111,3,1,5,1,0.213,0,67
6049,586,0,0,7,1,0.017,0,55
6049,586,1,0,6,1,0.099,0,65.5
6049,586,2,0,4,1,0.132,0,61.2
6049,586,3,0,6,1,0.108,0,65.5
6055,21,0,1,4,0,0.017,1,62.3
6055,21,1,1,4,0,0.253,1,51.5
6055,21,2,1,7,0,0.264,1,76.3
6055,21,3,1,4,0,0.285,1,67
6071,504,0,0,3,1,0.004,0,40.7
6071,504,1,0,6,1,0.034,0,45.1
6071,504,2,0,4,1,0.135,0,46.2
6071,504,3,0,5,1,0.185,0,50.6
6082,245,0,1,4,1,0.009,1,38.6
6082,245,1,1,6,1,0.016,1,47.4
6082,245,2,1,4,1,0.019,1,54.3
6082,245,3,1,5,1,0.047,1,64.7
6090,315,0,0,5,1,0.003,0,52.2
6090,315,1,0,7,1,0.059,0,66
6090,315,2,0,3,1,0.098,0,55.1
6090,315,3,0,4,1,0.033,0,55
6115,660,0,1,5,1,0.006,0,38.6
6115,660,1,1,5,1,0.064,0,52.7
6115,660,2,1,4,1,0.089,0,52.3
6115,660,3,1,3,1,0.074,0,62.8
6116,704,0,0,5,0,0.006,0,59.1
6116,704,1,0,4,0,0.029,0,71.6
6116,704,2,0,5,0,0.047,0,85.1
6116,704,3,0,5,0,0.034,0,100.3
6172,124,0,1,6,1,0.003,0,57.8
6172,124,1,1,5,1,0.083,0,66
6172,124,2,1,4,1,0.116,0,64.6
6172,124,3,1,5,1,0.075,0,67.8
6192,178,0,1,6,1,0.009,0,62.3
6192,178,1,1,7,1,0.07,0,61.9
6192,178,2,1,3,1,0.039,0,64.6
6192,178,3,1,6,1,0.028,0,75.6
6201,690,0,0,5,1,0.028,0,58.6
6201,690,1,0,5,1,0.497,0,60.7
6201,690,2,0,5,1,0.667,0,66.7
6201,690,3,0,4,1,0.825,0,67.8
6230,1104,0,0,6,0,0.014,0,62.3
6230,1111,1,0,4,1,0.242,0,54.3
6230,1111,2,0,3,1,0.198,0,63.1
6230,1111,3,0,4,1,0.213,0,74.2
6239,1018,0,0,7,1,0.023,0,57.5
6239,1018,1,0,3,1,0.122,0,55.1
6239,1018,2,0,6,1,0.095,0,67.9
6239,1018,3,0,6,1,0.078,0,74.2
6249,276,0,0,5,0,0.003,1,55.8
6249,274,1,0,3,1,0.012,1,59.4
6249,274,2,0,5,1,0.025,1,61.2
6249,274,3,0,5,1,0.02,1,58.6
6303,81,0,1,5,1,0.112,0,60.8
6303,84,1,1,8,1,0.33,0,63
6303,84,2,1,4,1,0.39,0,74.6
6303,84,3,1,5,1,0.328,0,75.6
6305,52,0,1,3,1,0.003,0,25
6305,52,1,1,5,1,0.055,0,39.4
6305,52,2,1,5,1,0.174,0,37.5
6305,52,3,1,5,1,0.055,0,48.6
6309,21,0,1,5,0,0.017,1,45.8
6309,21,1,1,3,0,0.253,1,63
6309,21,2,1,4,0,0.264,1,53.9
6309,21,3,1,4,0,0.285,1,68.7
6355,1033,0,0,5,1,0.006,1,53.9
6355,1033,1,0,5,1,0.086,1,63
6355,1033,2,0,4,1,0.067,1,60.7
6355,1033,3,0,4,1,0.07,1,61.1
6372,52,0,1,4,1,0.003,0,67.8
6372,52,1,1,6,1,0.377,0,73.5
6372,52,2,1,5,1,0.314,0,81.8
6372,52,3,1,7,1,0.338,0,81.5
6378,258,0,1,4,0,0.003,1,52.7
6378,258,1,1,2,0,0.085,1,54.3
6378,258,2,1,6,0,0.09,1,53.1
6378,258,3,1,5,0,0.098,1,60.6
6418,1104,0,1,3,0,0.014,0,56.7
6418,1104,1,1,7,0,0.242,0,71.1
6418,1104,2,1,5,0,0.198,0,75.1
6418,1104,3,1,4,0,0.213,0,79.5
6420,1110,0,1,3,1,0.034,0,53.6
6420,1111,1,1,3,1,0.242,0,66
6420,1111,2,1,4,1,0.198,0,67.9
6420,1111,3,1,4,1,0.213,0,83.1
6426,704,0,1,6,0,0.006,0,51.9
6426,704,1,1,6,0,0.029,0,59.4
6426,704,2,1,3,0,0.047,0,70.4
6426,704,3,1,7,0,0.034,0,74.2
6435,963,0,1,6,0,0.155,0,45.5
6435,963,1,1,6,0,0.124,0,48.2
6435,963,2,1,3,0,0.175,0,60.7
6435,963,3,1,6,0,0.218,0,65.5
6470,1058,0,0,4,1,0.015,0,60.8
6470,1058,1,0,6,1,0.086,0,62.7
6470,1058,2,0,4,1,0.067,0,74.6
6470,1058,3,0,4,1,0.07,0,87
6474,194,0,1,5,1,0.004,0,43.5
6474,282,1,1,5,1,0.035,0,45.9
6474,282,2,1,6,1,0.06,0,55.9
6474,282,3,1,7,1,0.071,0,68.3
6485,677,0,0,7,1,0.002,0,63.9
6485,677,1,0,4,1,0.005,0,71.6
6485,677,2,0,4,1,0.01,0,75.1
6485,677,3,0,5,1,0.012,0,92.6
6494,76,0,0,5,1,0.006,1,60.3
6494,76,1,0,5,1,0.07,1,68.3
6494,76,2,0,6,1,0.066,1,77.9
6494,76,3,0,3,1,0.042,1,83.1
6502,690,0,1,7,1,0.028,0,52.2
6502,690,1,1,5,1,0.497,0,58.3
6502,690,2,1,4,1,0.667,0,57.6
6502,690,3,1,4,1,0.825,0,68.7
6523,276,0,0,4,0,0.003,1,67.8
6523,276,1,0,6,0,0.012,1,73.5
6523,276,2,0,4,0,0.025,1,87.4
6523,276,3,0,5,0,0.02,1,86.2
6534,1078,0,1,5,1,0.018,0,60.8
6534,1078,1,1,6,1,0.164,0,66
6534,1078,2,1,6,1,0.144,0,81
6534,1078,3,1,6,1,0.123,0,89.5
6545,52,0,0,3,1,0.003,0,51.1
6545,52,1,0,6,1,0.055,0,63.8
6545,52,2,0,6,1,0.076,0,58.7
6545,52,3,0,5,1,0.034,0,69.5
6562,1108,0,0,7,1,0.03,0,55.8
6562,1111,1,0,5,1,0.242,0,66
6562,1111,2,0,3,1,0.198,0,67.9
6562,1111,3,0,4,1,0.213,0,75.1
6565,309,0,1,6,1,0.021,0,38.6
6565,309,1,1,3,1,0.091,0,35.4
6565,309,2,1,6,1,0.058,0,45.1
6565,309,3,1,5,1,0.046,0,49.5
6567,1006,0,1,3,1,0.022,0,35
6567,1006,1,1,3,1,0.3,0,53.5
6567,1006,2,1,6,1,0.301,0,61.2
6567,1006,3,1,5,1,0.315,0,51.4
6574,309,0,0,7,1,0.021,0,62.3
6574,309,1,0,5,1,0.091,0,69.1
6574,309,2,0,6,1,0.058,0,84
6574,309,3,0,6,1,0.046,0,100.3
6606,1002,0,1,6,1,0.058,0,44.2
6606,1002,1,1,4,1,0.3,0,41.8
6606,1002,2,1,6,1,0.301,0,59
6606,1002,3,1,4,1,0.315,0,65.5
6640,77,0,0,7,0,0.006,1,55.8
6640,84,1,0,3,1,0.33,0,58.3
6640,84,2,0,5,1,0.39,0,63.1
6640,84,3,0,5,1,0.328,0,57.8
6644,21,0,1,5,0,0.017,1,49.4
6644,21,1,1,5,0,0.253,1,58.3
6644,21,2,1,4,0,0.264,1,51.5
6644,21,3,1,5,0,0.285,1,57.8
6674,1104,0,0,3,0,0.014,0,34.7
6674,1111,1,0,4,1,0.242,0,47.4
6674,1111,2,0,3,1,0.198,0,40.3
6674,1111,3,0,7,1,0.213,0,55
6676,1110,0,0,2,1,0.034,0,43.5
6676,1110,1,0,4,1,0.242,0,53.5
6676,1110,2,0,4,1,0.198,0,51.8
6676,1110,3,0,4,1,0.213,0,73.4
6695,24,0,0,3,1,0.025,1,55
6695,24,1,0,5,1,0.137,1,60.2
6695,24,2,0,5,1,0.085,1,59.5
6695,24,3,0,5,1,0.108,1,66.7
6736,1110,0,1,6,1,0.034,0,38.6
6736,1111,1,1,5,1,0.242,0,49.9
6736,1111,2,1,5,1,0.198,0,53.9
6736,1111,3,1,5,1,0.213,0,68.7
6786,387,0,1,5,0,0.087,1,31.4
6786,387,1,1,5,0,0.109,1,39.1
6786,387,2,1,5,0,0.123,1,41.8
6786,387,3,1,5,0,0.233,1,53.4
6807,212,0,1,5,0,0.003,1,58.6
6807,274,1,1,7,1,0.012,1,54.3
6807,274,2,1,4,1,0.025,1,56.2
6807,274,3,1,5,1,0.02,1,66.4
6808,194,0,0,5,1,0.004,0,53.9
6808,194,1,0,5,1,0.035,0,51.5
6808,194,2,0,5,1,0.06,0,57.9
6808,194,3,0,4,1,0.071,0,72.8
6859,1045,0,1,3,1,0.012,0,47.5
6859,1045,1,1,4,1,0.052,0,60.2
6859,1045,2,1,4,1,0.045,0,61.8
6859,1045,3,1,5,1,0.052,0,56.7
6885,194,0,1,5,1,0.004,0,48.6
6885,282,1,1,6,1,0.035,0,55.1
6885,282,2,1,6,1,0.06,0,51.5
6885,282,3,1,4,1,0.071,0,58.3
6903,1078,0,0,4,1,0.018,0,36.3
6903,1078,1,0,2,1,0.164,0,41.8
6903,1078,2,0,3,1,0.144,0,60.7
6903,1078,3,0,7,1,0.123,0,60.3
6914,124,0,0,4,1,0.003,0,76.4
6914,124,1,0,3,1,0.063,0,69.1
6914,124,2,0,5,1,0.066,0,81.8
6914,124,3,0,5,1,0.099,0,87.9
6925,1038,0,1,5,0,0.016,1,60.3
6925,1048,1,1,6,1,0.076,1,68.3
6925,1048,2,1,4,1,0.073,1,65.9
6925,1048,3,1,6,1,0.107,1,75.1
6958,77,0,0,5,0,0.006,1,49.4
6958,77,1,0,5,0,0.33,1,55.1
6958,77,2,0,5,0,0.39,1,64.6
6958,77,3,0,1,0,0.328,1,55.9
7000,258,0,1,6,0,0.003,1,76.4
7000,211,1,1,3,1,0.032,1,71.1
7000,211,2,1,6,1,0.018,1,70.4
7000,211,3,1,3,1,0.011,1,83.1
7010,1110,0,0,6,1,0.034,0,30.2
7010,1110,1,0,5,1,0.238,0,43.5
7010,1110,2,0,6,1,0.209,0,52.6
7010,1110,3,0,6,1,0.19,0,63.1
7035,504,0,0,4,1,0.004,0,41.4
7035,504,1,0,4,1,0.034,0,46.6
7035,504,2,0,6,1,0.022,0,47.9
7035,504,3,0,6,1,0.042,0,49.5
7039,1002,0,1,6,1,0.058,0,51.1
7039,1002,1,1,4,1,0.3,0,40.2
7039,1002,2,1,6,1,0.301,0,47
7039,1002,3,1,6,1,0.315,0,51.4
7055,506,0,0,5,1,0.026,0,63.9
7055,506,1,0,2,1,0.129,0,69.1
7055,506,2,0,4,1,0.127,0,60.3
7055,506,3,0,4,1,0.132,0,82
7060,212,0,0,5,0,0.003,1,94.7
7060,211,1,0,5,1,0.032,1,79.1
7060,211,2,0,7,1,0.018,1,79.9
7060,211,3,0,5,1,0.011,1,98.4
7105,99,0,0,7,0,0.003,1,66.4
7105,106,1,0,3,1,0.108,1,63
7105,106,2,0,2,1,0.073,1,67.9
7105,106,3,0,6,1,0.056,1,74.2
7116,515,0,1,5,0,0.036,1,19.9
7116,515,1,1,3,0,0.168,1,33.8
7116,515,2,1,4,0,0.189,1,41.5
7116,515,3,1,5,0,0.113,1,47.8
7133,194,0,0,4,1,0.004,0,55.8
7133,194,1,0,5,1,0.035,0,56.3
7133,194,2,0,4,1,0.06,0,69.9
7133,194,3,0,3,1,0.071,0,83.1
7146,666,0,0,6,1,0.017,0,53.9
7146,666,1,0,4,1,0.141,0,55.5
7146,666,2,0,6,1,0.2,0,71.2
7146,666,3,0,9,1,0.043,0,79.5
7149,103,0,0,5,1,0.007,0,76.4
7149,103,1,0,3,1,0.061,0,91.6
7149,103,2,0,4,1,0.032,0,76.3
7149,103,3,0,6,1,0.042,0,88.7
7178,98,0,0,6,0,0.005,1,31.9
7178,106,1,0,4,1,0.108,1,33
7178,106,2,0,5,1,0.073,1,40.6
7178,106,3,0,5,1,0.056,1,52.2
7214,188,0,0,4,1,0.027,0,41.4
7214,188,1,0,5,1,0.098,0,49.1
7214,188,2,0,4,1,0.062,0,45.1
7214,188,3,0,5,1,0.046,0,59.8
7227,101,0,1,4,0,0.004,1,33.9
7227,104,1,1,6,1,0.07,1,54.3
7227,104,2,1,5,1,0.066,1,59.8
7227,104,3,1,2,1,0.042,1,65.5
7235,101,0,0,5,0,0.004,1,49.4
7235,104,1,0,5,1,0.07,1,53.5
7235,104,2,0,3,1,0.066,1,57.1
7235,1048,3,0,4,1,0.107,1,67
7255,690,0,0,6,1,0.028,0,76.4
7255,690,1,0,6,1,0.497,0,91.6
7255,690,2,0,6,1,0.667,0,96.8
7255,690,3,0,3,1,0.825,0,89.5
7283,586,0,0,5,1,0.017,0,66.4
7283,586,1,0,7,1,0.099,0,97.5
7283,586,2,0,6,1,0.132,0,81.8
7283,586,3,0,2,1,0.108,0,90.7
7290,98,0,0,5,0,0.005,1,49.9
7290,106,1,0,5,1,0.108,1,66.6
7290,106,2,0,5,1,0.073,1,67.9
7290,106,3,0,6,1,0.056,1,68.7
7292,77,0,0,6,0,0.006,1,51.9
7292,84,1,0,5,1,0.33,0,51.5
7292,104,2,0,6,1,0.066,1,60.7
7292,104,3,0,6,1,0.042,1,69.8
7335,1108,0,0,4,1,0.03,0,47.2
7335,1111,1,0,8,1,0.242,0,46.6
7335,1111,2,0,5,1,0.198,0,46.7
7335,1111,3,0,4,1,0.213,0,68.7
7352,1058,0,0,6,1,0.015,0,45.5
7352,1058,1,0,3,1,0.083,0,43.5
7352,1058,2,0,4,1,0.047,0,53.4
7352,1058,3,0,6,1,0.058,0,56.7
7397,21,0,1,4,0,0.017,1,45.5
7397,21,1,1,6,0,0.163,1,53.5
7397,21,2,1,7,0,0.205,1,62.6
7397,21,3,1,4,0,0.151,1,73.4
7402,100,0,0,6,0,0.004,1,80.3
7402,104,1,0,4,1,0.07,1,73.5
7402,104,2,0,4,1,0.066,1,77.9
7402,104,3,0,3,1,0.042,1,92.6
7415,714,0,0,4,1,0.028,1,38.6
7415,720,1,0,5,1,0.112,1,48.2
7415,720,2,0,4,1,0.119,1,47.9
7415,720,3,0,3,1,0.159,1,52.2
7479,103,0,0,5,1,0.007,0,43
7479,103,1,0,3,1,0.061,0,35.1
7479,103,2,0,5,1,0.032,0,46.2
7479,103,3,0,4,1,0.042,0,43.9
7487,572,0,0,6,1,0.009,0,29.4
7487,572,1,0,3,1,0.099,0,45.9
7487,572,2,0,7,1,0.132,0,39.5
7487,572,3,0,3,1,0.108,0,46.7
7504,963,0,0,5,0,0.155,0,52.2
7504,963,1,0,5,0,0.124,0,65.5
7504,963,2,0,4,0,0.175,0,73.1
7504,963,3,0,6,0,0.218,0,72.8
7544,99,0,1,4,0,0.003,1,42.2
7544,106,1,1,4,1,0.108,1,43.5
7544,106,2,1,6,1,0.073,1,45.9
7544,106,3,1,4,1,0.056,1,56.7
7559,1110,0,1,5,1,0.034,0,43.5
7559,1111,1,1,6,1,0.242,0,43.5
7559,1111,2,1,4,1,0.198,0,50.3
7559,1111,3,1,4,1,0.213,0,56.7
7562,677,0,0,5,1,0.002,0,36.3
7562,677,1,0,6,1,0.005,0,29.4
7562,677,2,0,5,1,0.01,0,39.5
7562,677,3,0,4,1,0.012,0,42.7
7603,101,0,1,7,0,0.004,1,50.8
7603,104,1,1,6,1,0.07,1,73.5
7603,104,2,1,6,1,0.066,1,65.9
7603,104,3,1,3,1,0.042,1,65
7632,515,0,0,4,0,0.036,1,42.2
7632,519,1,0,4,1,0.168,0,60.2
7632,519,2,0,6,1,0.189,0,53.9
7632,519,3,0,4,1,0.113,0,63.4
7647,1018,0,1,5,1,0.023,0,78.7
7647,1018,1,1,5,1,0.122,0,85.8
7647,1018,2,1,5,1,0.095,0,77.9
7647,1018,3,1,5,1,0.078,0,95.6
7663,1002,0,1,5,1,0.058,0,49.1
7663,1002,1,1,4,1,0.3,0,53.5
7663,1002,2,1,6,1,0.301,0,52.6
7663,1002,3,1,6,1,0.315,0,57.8
7666,387,0,1,5,0,0.087,1,47.5
7666,387,1,1,7,0,0.109,1,47.4
7666,388,2,1,4,1,0.176,0,59.8
7666,388,3,1,6,1,0.447,0,57.8
7675,98,0,0,5,0,0.005,1,57.8
7675,106,1,0,6,1,0.108,1,63.8
7675,106,2,0,5,1,0.073,1,79.5
7675,106,3,0,4,1,0.056,1,89.5
7707,1104,0,1,6,0,0.014,0,47.5
7707,1111,1,1,3,1,0.242,0,51.5
7707,1111,2,1,6,1,0.198,0,64.6
7707,1111,3,1,5,1,0.213,0,77
7752,660,0,0,5,1,0.006,0,35
7752,660,1,0,5,1,0.012,0,49.1
7752,660,2,0,5,1,0.03,0,63.5
7752,660,3,0,4,1,0.043,0,63.9
7768,98,0,0,5,0,0.005,1,46.3
7768,106,1,0,5,1,0.108,1,48.2
7768,106,2,0,3,1,0.073,1,41.1
7768,106,3,0,8,1,0.056,1,61.4
7776,100,0,0,7,0,0.004,1,62.3
7776,106,1,0,6,1,0.108,1,69.1
7776,106,2,0,6,1,0.073,1,61.8
7776,106,3,0,4,1,0.056,1,69.2
7789,1038,0,1,6,0,0.016,1,33
7789,1048,1,1,5,1,0.076,1,49.9
7789,1048,2,1,3,1,0.073,1,46.2
7789,1048,3,1,4,1,0.107,1,57.5
7803,188,0,1,6,1,0.027,0,49.1
7803,188,1,1,5,1,0.071,0,53.5
7803,188,2,1,5,1,0.092,0,49.5
7803,188,3,1,7,1,0.083,0,74.2
7834,1038,0,0,3,0,0.016,1,47.2
7834,1048,1,0,4,1,0.076,1,49.9
7834,1048,2,0,7,1,0.073,1,47.5
7834,1048,3,0,7,1,0.107,1,55
7928,21,0,1,4,0,0.017,1,50.8
7928,21,1,1,5,0,0.163,1,50.7
7928,21,2,1,6,0,0.205,1,71.2
7928,21,3,1,4,0,0.151,1,73.4
7930,103,0,0,3,1,0.007,0,21.9
7930,103,1,0,2,1,0.061,0,30.2
7930,103,2,0,5,1,0.032,0,35.1
7930,103,3,0,4,1,0.042,0,47.8
7947,276,0,0,7,0,0.003,1,63.9
7947,274,1,0,6,1,0.012,1,67.5
7947,274,2,0,3,1,0.025,1,77.9
7947,274,3,0,5,1,0.02,1,69.5
7953,704,0,1,6,0,0.006,0,40.7
7953,704,1,1,6,0,0.029,0,47.4
7953,704,2,1,5,0,0.047,0,47.5
7953,704,3,1,5,0,0.034,0,62.3
7971,43,0,1,6,0,0.018,0,65.9
7971,43,1,1,3,0,0.253,0,69.1
7971,43,2,1,4,0,0.264,0,83.2
7971,43,3,1,3,0,0.285,0,80.6
7993,258,0,1,3,0,0.003,1,67.8
7993,282,1,1,5,1,0.035,0,69.1
7993,282,2,1,7,1,0.06,0,85.1
7993,282,3,1,3,1,0.071,0,89.5
8014,236,0,1,5,1,0.002,1,62.3
8014,236,1,1,5,1,0.002,1,67.5
8014,236,2,1,4,1,0.021,1,81.8
8014,236,3,1,4,1,0.027,1,80.3
8022,704,0,1,4,0,0.006,0,53.9
8022,704,1,1,4,0,0.029,0,49.9
8022,704,2,1,3,0,0.047,0,59
8022,704,3,1,6,0,0.034,0,66.7
8035,99,0,1,7,0,0.003,1,43
8035,106,1,1,3,1,0.108,1,54.3
8035,106,2,1,3,1,0.073,1,67.9
8035,106,3,1,4,1,0.056,1,72.8
8057,315,0,0,5,1,0.003,0,22.2
8057,315,1,0,4,1,0.08,0,30.2
8057,315,2,0,3,1,0.051,0,31.8
8057,315,3,0,4,1,0.101,0,49.1
8067,245,0,1,4,1,0.009,1,52.7
8067,245,1,1,3,1,0.016,1,71.1
8067,245,2,1,6,1,0.019,1,69
8067,245,3,1,5,1,0.047,1,68.3
8085,1038,0,0,7,0,0.016,1,76.4
8085,1038,1,0,6,0,0.076,1,73.5
8085,1038,2,0,5,0,0.073,1,76.3
8085,1038,3,0,4,0,0.107,1,81.5
8119,586,0,0,6,1,0.017,0,40.7
8119,586,1,0,3,1,0.099,0,55.5
8119,586,2,0,5,1,0.132,0,79.9
8119,586,3,0,4,1,0.108,0,70.6
8124,101,0,0,3,0,0.004,1,48.6
8124,104,1,0,4,1,0.07,1,48.2
8124,104,2,0,4,1,0.066,1,46.7
8124,104,3,0,6,1,0.042,1,57.8
8134,21,0,0,5,0,0.017,1,51.1
8134,21,1,0,6,0,0.253,1,45.1
8134,21,2,0,5,0,0.264,1,48.7
8134,21,3,0,6,0,0.285,1,51.4
8135,387,0,1,5,0,0.087,1,23
8135,387,1,1,4,0,0.109,1,41.8
8135,388,2,1,3,1,0.176,0,43.1
8135,388,3,1,5,1,0.447,0,55.9
8148,276,0,0,3,0,0.003,1,54.7
8148,274,1,0,6,1,0.012,1,54.3
8148,274,2,0,4,1,0.025,1,60.3
8148,274,3,0,5,1,0.02,1,65
8200,506,0,0,4,1,0.026,0,37.8
8200,506,1,0,3,1,0.129,0,44.3
8200,506,2,0,3,1,0.127,0,51.5
8200,506,3,0,5,1,0.132,0,58.6
8211,50,0,1,7,1,0.002,0,44.2
8211,50,1,1,6,1,0.09,0,60.7
8211,50,2,1,5,1,0.06,0,81
8211,50,3,1,6,1,0.068,0,79.5
8225,121,0,1,5,1,0.024,0,17.8
8225,121,1,1,5,1,0.083,0,32.3
8225,121,2,1,4,1,0.116,0,35.1
8225,121,3,1,5,1,0.075,0,45.8
8238,139,0,0,5,1,0.021,0,58.6
8238,139,1,0,7,1,0.043,0,65.5
8238,139,2,0,6,1,0.064,0,64.6
8238,139,3,0,6,1,0.053,0,90.7
8248,258,0,1,5,0,0.003,1,54.7
8248,282,1,1,5,1,0.035,0,66.6
8248,282,2,1,5,1,0.06,0,61.8
8248,282,3,1,5,1,0.071,0,75.1
8249,100,0,1,5,0,0.004,1,60.8
8249,104,1,1,4,1,0.07,1,59.4
8249,104,2,1,6,1,0.066,1,62.6
8249,104,3,1,4,1,0.042,1,63.1
8304,660,0,1,4,1,0.006,0,35.5
8304,660,1,1,5,1,0.012,0,52.7
8304,660,2,1,6,1,0.03,0,48.7
8304,660,3,1,5,1,0.043,0,57.5
8383,1035,0,0,3,1,0.033,0,26.3
8383,1035,1,0,5,1,0.095,0,35.1
8383,1035,2,0,3,1,0.088,0,37.5
8383,1035,3,0,5,1,0.11,0,57.5
8395,212,0,1,5,0,0.003,1,55.8
8395,274,1,1,5,1,0.012,1,57.1
8395,274,2,1,3,1,0.025,1,66.7
8395,274,3,1,6,1,0.02,1,78.3
8399,103,0,1,4,1,0.007,0,43
8399,103,1,1,3,1,0.061,0,47.4
8399,103,2,1,3,1,0.032,0,64.6
8399,103,3,1,6,1,0.042,0,55
8402,76,0,1,5,1,0.006,1,73.1
8402,76,1,1,8,1,0.07,1,78.3
8402,76,2,1,3,1,0.066,1,75.1
8402,76,3,1,4,1,0.042,1,86.2
8418,52,0,0,6,1,0.003,0,70.3
8418,52,1,0,4,1,0.055,0,73.5
8418,52,2,0,4,1,0.076,0,83.2
8418,52,3,0,5,1,0.034,0,107.1
8439,387,0,1,6,0,0.087,1,48.6
8439,387,1,1,4,0,0.109,1,50.7
8439,387,2,1,4,0,0.835,1,51.8
8439,387,3,1,7,0,0.095,1,50.6
8450,1108,0,1,6,1,0.03,0,62.3
8450,1111,1,1,6,1,0.242,0,66
8450,1111,2,1,5,1,0.198,0,77.9
8450,1111,3,1,4,1,0.213,0,88.7
8464,286,0,1,6,1,0.014,0,48.6
8464,286,1,1,5,1,0.099,0,49.9
8464,286,2,1,3,1,0.071,0,46.2
8464,286,3,1,6,1,0.1,0,51.4
8486,139,0,0,4,1,0.021,0,50.8
8486,139,1,0,4,1,0.076,0,65.5
8486,139,2,0,2,1,0.07,0,63.1
8486,139,3,0,5,1,0.054,0,58.6
8505,194,0,0,5,1,0.004,0,62.3
8505,194,1,0,3,1,0.035,0,64.3
8505,194,2,0,7,1,0.06,0,77.9
8505,194,3,0,6,1,0.071,0,84.7
8506,1038,0,1,5,0,0.016,1,39.4
8506,1048,1,1,5,1,0.076,1,50.7
8506,1048,2,1,3,1,0.073,1,48.7
8506,1048,3,1,5,1,0.107,1,64.2
8512,77,0,0,5,0,0.006,1,53.6
8512,84,1,0,4,1,0.33,0,63.8
8512,84,2,0,5,1,0.39,0,74.6
8512,84,3,0,6,1,0.328,0,75.1
8545,76,0,0,3,1,0.006,1,76.4
8545,104,1,0,5,1,0.07,1,73.5
8545,104,2,0,5,1,0.066,1,70.4
8545,104,3,0,6,1,0.042,1,86.2
8550,714,0,1,6,1,0.028,1,45
8550,714,1,1,5,1,0.112,1,57.1
8550,714,2,1,4,1,0.119,1,58.7
8550,714,3,1,4,1,0.159,1,67.5
8584,24,0,0,4,1,0.025,1,27.1
8584,24,1,0,5,1,0.137,1,42.7
8584,24,2,0,5,1,0.085,1,40.6
8584,24,3,0,5,1,0.108,1,55
8610,504,0,0,5,1,0.004,0,33
8610,504,1,0,6,1,0.034,0,37.9
8610,504,2,0,6,1,0.022,0,36.2
8610,504,3,0,5,1,0.042,0,41.4
8613,236,0,1,6,1,0.002,1,60.3
8613,236,1,1,6,1,0.026,1,66
8613,236,2,1,3,1,0.021,1,74
8613,236,3,1,4,1,0.027,1,80.6
8625,1013,0,0,6,1,0.038,0,65.9
8625,1013,1,0,4,1,0.122,0,69.1
8625,1013,2,0,4,1,0.095,0,77.9
8625,1013,3,0,7,1,0.078,0,92.6
8629,1108,0,0,3,1,0.03,0,17.1
8629,1111,1,0,5,1,0.242,0,36.3
8629,1111,2,0,2,1,0.198,0,31.8
8629,1111,3,0,5,1,0.213,0,40.3
8659,276,0,1,5,0,0.003,1,53.6
8659,276,1,1,5,0,0.012,1,50.7
8659,276,2,1,6,0,0.025,1,50.3
8659,276,3,1,5,0,0.02,1,64.2
8665,194,0,1,7,1,0.004,0,73.1
8665,194,1,1,4,1,0.098,0,91.6
8665,194,2,1,2,1,0.062,0,79.9
8665,194,3,1,6,1,0.046,0,94.3
8670,714,0,0,5,1,0.028,1,48.6
8670,714,1,0,8,1,0.112,1,40.2
8670,714,2,0,6,1,0.119,1,48.7
8670,714,3,0,6,1,0.159,1,55.9
8688,1110,0,1,6,1,0.034,0,46.3
8688,1111,1,1,2,1,0.242,0,49.1
8688,1111,2,1,4,1,0.198,0,53.4
8688,1111,3,1,4,1,0.213,0,51.4
8704,1045,0,0,6,1,0.012,0,57.5
8704,1045,1,0,7,1,0.052,0,66
8704,1045,2,0,6,1,0.045,0,76.3
8704,1045,3,0,5,1,0.052,0,74.2
8723,286,0,1,6,1,0.014,0,84.7
8723,286,1,1,6,1,0.099,0,79.1
8723,286,2,1,6,1,0.071,0,85.1
8723,286,3,1,5,1,0.1,0,87
8765,1038,0,1,5,0,0.016,1,29.4
8765,1048,1,1,5,1,0.076,1,42.7
8765,1048,2,1,3,1,0.073,1,38.7
8765,1048,3,1,5,1,0.107,1,63.4
8786,98,0,0,5,0,0.005,1,56.7
8786,98,1,0,4,0,0.108,1,62.7
8786,98,2,0,6,0,0.073,1,61.8
8786,98,3,0,5,0,0.056,1,73.4
8819,139,0,1,4,1,0.021,0,52.7
8819,139,1,1,5,1,0.043,0,56.3
8819,139,2,1,5,1,0.064,0,56.2
8819,139,3,1,4,1,0.053,0,79.5
8852,1040,0,0,4,1,0.006,0,42.2
8852,1040,1,0,5,1,0.44,0,54.3
8852,1040,2,0,4,1,0.574,0,57.9
8852,1040,3,0,6,1,0.282,0,60.6
8870,81,0,0,4,1,0.112,0,38.6
8870,84,1,0,4,1,0.33,0,51.5
8870,84,2,0,5,1,0.39,0,50.3
8870,92,3,0,6,1,0.318,1,54.2
8875,100,0,1,6,0,0.004,1,40.7
8875,100,1,1,4,0,0.108,1,41
8875,100,2,1,6,0,0.073,1,44.3
8875,100,3,1,5,0,0.056,1,40.3
8881,99,0,1,7,0,0.003,1,40.7
8881,106,1,1,5,1,0.108,1,45.1
8881,106,2,1,5,1,0.073,1,43.9
8881,106,3,1,6,1,0.056,1,61.9
8893,212,0,1,5,0,0.003,1,94.7
8893,274,1,1,6,1,0.012,1,71.1
8893,274,2,1,4,1,0.025,1,69
8893,274,3,1,6,1,0.02,1,75.1
8895,77,0,0,4,0,0.006,1,62.3
8895,77,1,0,4,0,0.33,1,65.5
8895,77,2,0,4,0,0.39,1,69
8895,77,3,0,3,0,0.328,1,80.3
8899,194,0,0,4,1,0.004,0,33
8899,282,1,0,4,1,0.035,0,36.6
8899,282,2,0,3,1,0.06,0,41.8
8899,282,3,0,6,1,0.071,0,49.8
8922,1108,0,1,4,1,0.03,0,33
8922,1111,1,1,5,1,0.242,0,45.1
8922,1111,2,1,6,1,0.198,0,43.1
8922,1111,3,1,6,1,0.213,0,49.5
8955,506,0,0,5,1,0.026,0,33.9
8955,506,1,0,3,1,0.129,0,32.3
8955,506,2,0,5,1,0.127,0,39.5
8955,506,3,0,4,1,0.132,0,53.1
8989,24,0,1,4,1,0.025,1,31.1
8989,24,1,1,6,1,0.137,1,38.7
8989,24,2,1,5,1,0.085,1,41.5
8989,24,3,1,4,1,0.108,1,47.8
9014,236,0,0,5,1,0.002,1,65.9
9014,236,1,0,4,1,0.002,1,71.6
9014,236,2,0,3,1,0.021,1,86.8
9014,236,3,0,6,1,0.027,1,88.7
9028,309,0,0,6,1,0.021,0,45
9028,309,1,0,6,1,0.091,0,49.9
9028,309,2,0,6,1,0.058,0,55.4
9028,309,3,0,4,1,0.046,0,63.1
9038,660,0,1,6,1,0.006,0,35.5
9038,660,1,1,4,1,0.064,0,43.5
9038,660,2,1,3,1,0.12,0,59.8
9038,660,3,1,5,1,0.097,0,65.9
9039,1110,0,0,4,1,0.034,0,45.5
9039,1110,1,0,6,1,0.238,0,57.1
9039,1110,2,0,3,1,0.209,0,64.6
9039,1110,3,0,7,1,0.19,0,71.4
9049,258,0,1,5,0,0.003,1,33
9049,282,1,1,6,1,0.035,0,41
9049,282,2,1,5,1,0.06,0,36.7
9049,282,3,1,6,1,0.071,0,54.2
9079,1110,0,1,3,1,0.034,0,49.4
9079,1111,1,1,6,1,0.242,0,54.3
9079,1111,2,1,4,1,0.198,0,64
9079,1111,3,1,4,1,0.213,0,68.7
9125,133,0,0,5,1,0.005,1,53.9
9125,133,1,0,5,1,0.017,1,66.6
9125,133,2,0,4,1,0.035,1,73.1
9125,133,3,0,6,1,0.031,1,76.4
9132,963,0,1,5,0,0.155,0,53.9
9132,963,1,1,5,0,0.124,0,71.6
9132,963,2,1,6,0,0.175,0,71.8
9132,963,3,1,4,0,0.074,0,75.1
9135,515,0,0,4,0,0.036,1,70.3
9135,515,1,0,6,0,0.067,1,83
9135,515,2,0,7,0,0.1,1,81.8
9135,515,3,0,4,0,0.05,1,87
9146,258,0,0,6,0,0.003,1,76.4
9146,282,1,0,7,1,0.035,0,75.8
9146,282,2,0,4,1,0.06,0,77.9
9146,282,3,0,6,1,0.071,0,100.3
9165,704,0,1,5,0,0.006,0,63.9
9165,704,1,1,6,0,0.029,0,60.2
9165,704,2,1,5,0,0.047,0,75.1
9165,704,3,1,4,0,0.034,0,71.1
9173,98,0,0,4,0,0.005,1,63.9
9173,106,1,0,5,1,0.108,1,64.3
9173,106,2,0,5,1,0.073,1,71.2
9173,106,3,0,6,1,0.056,1,97.1
9302,194,0,0,4,1,0.004,0,43.5
9302,194,1,0,4,1,0.035,0,45.1
9302,194,2,0,7,1,0.06,0,46.7
9302,194,3,0,4,1,0.071,0,58.6
9317,276,0,1,4,0,0.003,1,67.8
9317,274,1,1,4,1,0.012,1,85.8
9317,274,2,1,2,1,0.025,1,83.2
9317,274,3,1,4,1,0.02,1,95.6
9322,24,0,1,5,1,0.025,1,46.3
9322,24,1,1,7,1,0.137,1,57.1
9322,24,2,1,6,1,0.085,1,62.6
9322,24,3,1,5,1,0.108,1,62.8
9348,1104,0,1,5,0,0.014,0,33
9348,1111,1,1,5,1,0.242,0,44.3
9348,1111,2,1,5,1,0.198,0,48.7
9348,1111,3,1,5,1,0.213,0,56.7
9367,1040,0,1,4,1,0.006,0,51.1
9367,1040,1,1,4,1,0.052,0,55.1
9367,1040,2,1,6,1,0.045,0,58.7
9367,1040,3,1,2,1,0.052,0,61.9
9369,194,0,1,6,1,0.004,0,28.6
9369,194,1,1,3,1,0.035,0,38.2
9369,194,2,1,6,1,0.06,0,43.1
9369,194,3,1,5,1,0.071,0,45
9467,1045,0,1,5,1,0.012,0,57.5
9467,1045,1,1,4,1,0.052,0,63.8
9467,1045,2,1,6,1,0.045,0,62.6
9467,1045,3,1,4,1,0.052,0,63.4
9470,258,0,1,3,0,0.003,1,29.4
9470,193,1,1,4,1,0.098,0,34.6
9470,193,2,1,4,1,0.062,0,39.5
9470,193,3,1,7,1,0.046,0,50.6
9515,194,0,1,6,1,0.004,0,38.6
9515,282,1,1,2,1,0.035,0,43.5
9515,282,2,1,3,1,0.06,0,44.6
9515,282,3,1,6,1,0.071,0,62.3
9540,714,0,0,4,1,0.028,1,73.1
9540,714,1,0,6,1,0.112,1,73.5
9540,714,2,0,3,1,0.119,1,64.6
9540,714,3,0,4,1,0.159,1,80.3
9541,100,0,0,5,0,0.004,1,68.7
9541,106,1,0,6,1,0.108,1,91.6
9541,106,2,0,6,1,0.073,1,89.9
9541,106,3,0,7,1,0.056,1,100.3
9564,315,0,0,2,1,0.003,0,33.9
9564,315,1,0,7,1,0.029,0,33
9564,315,2,0,3,1,0.054,0,43.1
9564,315,3,0,6,1,0.052,0,37.5
9570,963,0,0,4,0,0.155,0,26.6
9570,963,1,0,4,0,0.124,0,38.2
9570,963,2,0,6,0,0.175,0,27.8
9570,963,3,0,5,0,0.045,0,45
9608,276,0,0,5,0,0.003,1,57.8
9608,274,1,0,5,1,0.012,1,57.1
9608,274,2,0,4,1,0.025,1,53.9
9608,274,3,0,5,1,0.02,1,61.1
9615,77,0,1,4,0,0.006,1,53.6
9615,77,1,1,7,0,0.33,1,61.5
9615,77,2,1,6,0,0.39,1,67.9
9615,77,3,1,5,0,0.328,1,70.6
9616,100,0,1,6,0,0.004,1,53.6
9616,106,1,1,4,1,0.108,1,66.6
9616,106,2,1,6,1,0.073,1,69
9616,106,3,1,4,1,0.056,1,76.4
9618,77,0,1,5,0,0.006,1,65.9
9618,77,1,1,5,0,0.041,1,75.8
9618,77,2,1,4,0,0.056,1,81.8
9618,77,3,1,4,0,0.046,1,89.5
9663,1013,0,1,6,1,0.038,0,70.3
9663,1013,1,1,5,1,0.122,0,63
9663,1013,2,1,4,1,0.095,0,54.6
9663,1013,3,1,5,1,0.078,0,69.2
9669,1104,0,1,7,0,0.014,0,59.1
9669,1104,1,1,7,0,0.242,0,68.3
9669,1104,2,1,6,0,0.198,0,67.9
9669,1104,3,1,4,0,0.088,0,78.3
9682,387,0,0,4,0,0.087,1,42.2
9682,387,1,0,5,0,0.109,1,55.1
9682,388,2,0,4,1,0.176,0,59.5
9682,388,3,0,4,1,0.447,0,56.7
9692,81,0,1,7,1,0.112,0,52.7
9692,81,1,1,3,1,0.33,0,53.5
9692,81,2,1,7,1,0.39,0,61.2
9692,81,3,1,4,1,0.328,0,67
9694,1040,0,0,7,1,0.006,0,52.2
9694,1040,1,0,5,1,0.052,0,67.5
9694,1040,2,0,4,1,0.045,0,67.9
9694,1040,3,0,5,1,0.052,0,74.2
9722,236,0,0,5,1,0.002,1,74.7
9722,236,1,0,5,1,0.058,1,66
9722,236,2,0,7,1,0.019,1,72.3
9722,236,3,0,3,1,0.009,1,81.5
9734,100,0,0,6,0,0.004,1,49.9
9734,106,1,0,4,1,0.108,1,58.3
9734,106,2,0,6,1,0.073,1,52.6
9734,106,3,0,5,1,0.056,1,59.8
9736,212,0,1,5,0,0.003,1,60.8
9736,274,1,1,6,1,0.012,1,66
9736,274,2,1,3,1,0.025,1,60.7
9736,274,3,1,3,1,0.02,1,84.3
9772,124,0,0,4,1,0.003,0,67.8
9772,124,1,0,5,1,0.083,0,78.3
9772,124,2,0,5,1,0.116,0,85.1
9772,124,3,0,5,1,0.075,0,87.9
9831,666,0,0,5,1,0.017,0,34.7
9831,666,1,0,5,1,0.064,0,47.4
9831,666,2,0,6,1,0.089,0,47.9
9831,666,3,0,5,1,0.074,0,47.8
9855,387,0,0,3,0,0.087,1,20.2
9855,387,1,0,6,0,0.109,1,32.3
9855,387,2,0,7,0,0.061,1,30.6
9855,387,3,0,6,0,0.187,1,49.8
9863,100,0,1,3,0,0.004,1,40.7
9863,104,1,1,5,1,0.07,1,41.8
9863,104,2,1,6,1,0.066,1,40.6
9863,104,3,1,5,1,0.042,1,53.4
9867,101,0,0,7,0,0.004,1,38.6
9867,104,1,0,5,1,0.07,1,40.2
9867,104,2,0,4,1,0.066,1,53.1
9867,104,3,0,5,1,0.042,1,57.5
9908,236,0,1,6,1,0.002,1,78.7
9908,236,1,1,5,1,0.002,1,73.5
9908,236,2,1,4,1,0.021,1,66.7
9908,236,3,1,6,1,0.027,1,77
9921,1038,0,0,5,0,0.016,1,84.7
9921,1048,1,0,3,1,0.076,1,81.6
9921,1048,2,0,2,1,0.073,1,81.8
9921,1048,3,0,6,1,0.107,1,84.3
9929,504,0,0,3,1,0.004,0,42.2
9929,504,1,0,4,1,0.034,0,54.3
9929,504,2,0,5,1,0.022,0,49.5
9929,504,3,0,6,1,0.042,0,64.7
9948,101,0,0,5,0,0.004,1,42.2
9948,101,1,0,5,0,0.07,1,55.5
9948,101,2,0,5,0,0.066,1,61.8
9948,101,3,0,5,0,0.042,1,69.8
9974,169,0,0,5,0,0.034,0,33
9974,169,1,0,6,0,0.425,0,34.3
9974,169,2,0,4,0,0.558,0,51.8
9974,169,3,0,5,0,0.13,0,61.9
9976,1018,0,1,4,1,0.023,0,65.9
9976,1018,1,1,5,1,0.067,0,71.1
9976,1018,2,1,4,1,0.05,0,79.9
9976,1018,3,1,3,1,0.066,0,89.5
10002,1038,0,1,6,0,0.016,1,47.8
10002,1038,1,1,6,0,0.076,1,66.6
10002,1038,2,1,5,0,0.073,1,58.7
10002,1038,3,1,6,0,0.107,1,65.5
10012,1110,0,1,6,1,0.034,0,44.2
10012,1110,1,1,6,1,0.242,0,53.5
10012,1110,2,1,6,1,0.198,0,45.1
10012,1110,3,1,6,1,0.213,0,68.7
10030,81,0,0,4,1,0.112,0,30.2
10030,81,1,0,6,1,0.137,0,43.5
10030,81,2,0,4,1,0.228,0,43.1
10030,81,3,0,4,1,0.205,0,52.7
10032,696,0,0,2,1,0.102,0,57.5
10032,696,1,0,5,1,0.497,0,75.8
10032,696,2,0,5,1,0.667,0,70.4
10032,696,3,0,3,1,0.825,0,86.2
10047,515,0,1,5,0,0.036,1,57.5
10047,519,1,1,4,1,0.168,0,62.7
10047,519,2,1,6,1,0.189,0,76.3
10047,519,3,1,4,1,0.113,0,80.3
10054,1016,0,0,6,1,0.021,0,78.7
10054,1016,1,0,4,1,0.067,0,66.6
10054,1016,2,0,6,1,0.05,0,83.2
10054,1016,3,0,6,1,0.066,0,83.1
10073,24,0,1,6,1,0.025,1,49.9
10073,24,1,1,4,1,0.137,1,61.5
10073,24,2,1,4,1,0.085,1,64
10073,24,3,1,7,1,0.108,1,63.4
10097,1058,0,1,4,1,0.015,0,37.8
10097,1058,1,1,5,1,0.086,0,49.9
10097,1058,2,1,6,1,0.067,0,53.9
10097,1058,3,1,4,1,0.07,0,53.1
10113,704,0,0,4,0,0.006,0,80.3
10113,704,1,0,6,0,0.029,0,75.8
10113,704,2,0,5,0,0.047,0,79.5
10113,704,3,0,5,0,0.034,0,86.2
10127,24,0,1,3,1,0.025,1,40.7
10127,24,1,1,7,1,0.137,1,61.9
10127,24,2,1,6,1,0.085,1,60.3
10127,24,3,1,5,1,0.108,1,67.5
10178,1045,0,0,3,1,0.012,0,94.7
10178,1045,1,0,8,1,0.052,0,75.8
10178,1045,2,0,6,1,0.045,0,81
10178,1045,3,0,5,1,0.052,0,90.7
10182,77,0,1,4,0,0.006,1,29.4
10182,84,1,1,6,1,0.33,0,46.6
10182,84,2,1,4,1,0.39,0,40.3
10182,84,3,1,4,1,0.328,0,53.1
10207,236,0,1,6,1,0.002,1,73.1
10207,236,1,1,6,1,0.002,1,73.5
10207,236,2,1,5,1,0.021,1,77.9
10207,236,3,1,5,1,0.027,1,89.5
10232,1045,0,0,5,1,0.012,0,63.9
10232,1045,1,0,6,1,0.052,0,66
10232,1045,2,0,4,1,0.045,0,66.7
10232,1045,3,0,5,1,0.052,0,84.3
10252,99,0,1,8,0,0.003,1,67.8
10252,106,1,1,5,1,0.108,1,71.1
10252,106,2,1,3,1,0.073,1,83.2
10252,106,3,1,5,1,0.056,1,79.5
10254,677,0,1,5,1,0.002,0,35.5
10254,677,1,1,4,1,0.005,0,54.3
10254,677,2,1,6,1,0.01,0,56.7
10254,677,3,1,5,1,0.012,0,67
10256,1045,0,0,5,1,0.012,0,52.2
10256,1045,1,0,5,1,0.052,0,57.1
10256,1045,2,0,3,1,0.045,0,60.7
10256,1045,3,0,6,1,0.052,0,59.8
10261,1038,0,1,7,0,0.016,1,44.2
10261,1048,1,1,4,1,0.076,1,54.3
10261,1048,2,1,6,1,0.073,1,44.6
10261,1048,3,1,7,1,0.107,1,49.5
10297,1013,0,1,5,1,0.038,0,51.9
10297,1013,1,1,4,1,0.122,0,67.5
10297,1013,2,1,3,1,0.095,0,66.7
10297,1013,3,1,5,1,0.078,0,72.3
10299,1038,0,0,4,0,0.016,1,51.1
10299,1038,1,0,5,0,0.076,1,54.3
10299,1038,2,0,5,0,0.073,1,44.3
10299,1038,3,0,3,0,0.107,1,41.4
10388,178,0,0,8,1,0.009,0,55
10388,178,1,0,6,1,0.187,0,61.9
10388,178,2,0,6,1,0.142,0,65.9
10388,178,3,0,4,1,0.126,0,77
10422,99,0,0,4,0,0.003,1,57.5
10422,99,1,0,5,0,0.108,1,48.2
10422,99,2,0,6,0,0.073,1,50.3
10422,99,3,0,5,0,0.056,1,63.1
10425,704,0,1,4,0,0.006,0,49.1
10425,704,1,1,5,0,0.029,0,61.9
10425,704,2,1,4,0,0.047,0,83.2
10425,704,3,1,4,0,0.034,0,78.3
10461,236,0,1,5,1,0.002,1,74.7
10461,243,1,1,5,1,0.058,1,79.1
10461,243,2,1,3,1,0.019,1,93.2
10461,243,3,1,4,1,0.009,1,110.7
10473,1013,0,0,5,1,0.038,0,56.7
10473,1013,1,0,4,1,0.122,0,61.9
10473,1013,2,0,5,1,0.095,0,56.2
10473,1013,3,0,7,1,0.078,0,49.5
10513,99,0,0,4,0,0.003,1,33.9
10513,106,1,0,6,1,0.108,1,37.9
10513,106,2,0,2,1,0.073,1,41.8
10513,106,3,0,5,1,0.056,1,49.5
10522,98,0,0,6,0,0.005,1,41.4
10522,106,1,0,5,1,0.108,1,34.6
10522,106,2,0,4,1,0.073,1,46.2
10522,106,3,0,5,1,0.056,1,61.1
10526,52,0,1,6,1,0.003,0,63.9
10526,52,1,1,5,1,0.377,0,73.5
10526,52,2,1,5,1,0.314,0,72.3
10526,52,3,1,2,1,0.338,0,76.4
10547,647,0,0,6,1,0.055,1,48.6
10547,647,1,0,5,1,0.15,1,60.7
10547,647,2,0,3,1,0.135,1,56.2
10547,647,3,0,5,1,0.185,1,77
10571,76,0,1,5,1,0.006,1,53.6
10571,76,1,1,6,1,0.041,1,61.9
10571,76,2,1,4,1,0.056,1,65.9
10571,76,3,1,5,1,0.046,1,64.7
10586,245,0,0,5,1,0.009,1,54.7
10586,245,1,0,4,1,0.016,1,71.6
10586,245,2,0,4,1,0.019,1,66.7
10586,245,3,0,6,1,0.047,1,78.3
10621,101,0,1,4,0,0.004,1,53.9
10621,104,1,1,6,1,0.07,1,65.5
10621,104,2,1,6,1,0.066,1,69.9
10621,104,3,1,6,1,0.042,1,71.4
10669,188,0,1,4,1,0.027,0,28.6
10669,188,1,1,5,1,0.071,0,31.5
10669,188,2,1,4,1,0.092,0,51.5
10669,188,3,1,4,1,0.083,0,63.1
10679,258,0,1,4,0,0.003,1,41.4
10679,282,1,1,3,1,0.035,0,51.5
10679,282,2,1,5,1,0.06,0,56.7
10679,282,3,1,7,1,0.071,0,67.5
10762,1019,0,1,6,1,0.032,0,62.3
10762,1019,1,1,4,1,0.118,0,69.1
10762,1019,2,1,6,1,0.133,0,69.9
10762,1019,3,1,6,1,0.134,0,81.5
10765,1018,0,1,4,1,0.023,0,70.3
10765,1018,1,1,5,1,0.122,0,75.8
10765,1018,2,1,6,1,0.095,0,70.4
10765,1018,3,1,7,1,0.078,0,88.7
10775,515,0,1,4,0,0.036,1,51.9
10775,519,1,1,6,1,0.168,0,50.7
10775,519,2,1,4,1,0.189,0,65.9
10775,519,3,1,5,1,0.113,0,73.4
10791,236,0,0,5,1,0.002,1,63.9
10791,236,1,0,6,1,0.026,1,79.1
10791,236,2,0,4,1,0.021,1,81.8
10791,236,3,0,3,1,0.027,1,86.2
10808,169,0,1,5,0,0.034,0,44.2
10808,169,1,1,5,0,0.063,0,56.3
10808,169,2,1,6,0,0.066,0,61.8
10808,169,3,1,4,0,0.099,0,65.9
10817,387,0,1,5,0,0.087,1,27.8
10817,387,1,1,4,0,0.109,1,41.8
10817,387,2,1,3,0,0.176,1,39.5
10817,387,3,1,6,0,0.447,1,45.8
10829,98,0,1,3,0,0.005,1,48.6
10829,106,1,1,5,1,0.108,1,49.1
10829,106,2,1,4,1,0.073,1,55.9
10829,106,3,1,6,1,0.056,1,58.6
10832,1038,0,1,4,0,0.016,1,60.3
10832,1038,1,1,6,0,0.076,1,61.9
10832,1038,2,1,5,0,0.073,1,66.7
10832,1038,3,1,5,0,0.107,1,78.3
10886,704,0,0,6,0,0.006,0,57.8
10886,704,1,0,6,0,0.029,0,61.9
10886,704,2,0,3,0,0.047,0,83.2
10886,704,3,0,6,0,0.034,0,102
10910,212,0,0,7,0,0.003,1,78.7
10910,208,1,0,4,1,0.007,1,78.3
10910,208,2,0,3,1,0.009,1,79.9
10910,208,3,0,6,1,0.002,1,107.1
10911,77,0,0,6,0,0.006,1,63.9
10911,84,1,0,4,1,0.33,0,56.3
10911,84,2,0,5,1,0.39,0,69
10911,84,3,0,7,1,0.328,0,74.2
10914,245,0,0,4,1,0.009,1,63.9
10914,245,1,0,4,1,0.016,1,67.5
10914,245,2,0,6,1,0.019,1,77.9
10914,245,3,0,5,1,0.047,1,78.3
10921,99,0,0,3,0,0.003,1,49.9
10921,106,1,0,6,1,0.108,1,44.3
10921,106,2,0,7,1,0.073,1,44.6
10921,106,3,0,4,1,0.056,1,64.2
11037,714,0,0,5,1,0.028,1,46.3
11037,720,1,0,5,1,0.112,1,52.7
11037,720,2,0,5,1,0.119,1,55.9
11037,720,3,0,6,1,0.159,1,60.3
11043,236,0,0,5,1,0.002,1,85.9
11043,236,1,0,5,1,0.059,1,75.8
11043,236,2,0,5,1,0.041,1,81.8
11043,236,3,0,4,1,0.044,1,92.6
11067,1110,0,0,5,1,0.034,0,45.5
11067,1110,1,0,5,1,0.271,0,51.5
11067,1110,2,0,6,1,0.241,0,47
11067,1110,3,0,6,1,0.238,0,49.5
11137,586,0,1,5,1,0.017,0,41.4
11137,586,1,1,5,1,0.099,0,53.5
11137,586,2,1,6,1,0.132,0,41.8
11137,586,3,1,4,1,0.098,0,57.5
11146,100,0,1,5,0,0.004,1,55.8
11146,104,1,1,4,1,0.07,1,63
11146,104,2,1,5,1,0.066,1,66.7
11146,104,3,1,4,1,0.042,1,71.4
11155,77,0,1,5,0,0.006,1,62.3
11155,84,1,1,6,1,0.33,0,73.5
11155,84,2,1,8,1,0.39,0,77.9
11155,84,3,1,5,1,0.328,0,95.6
11168,677,0,0,7,1,0.002,0,60.8
11168,677,1,0,4,1,0.005,0,53.5
11168,677,2,0,6,1,0.01,0,64.6
11168,677,3,0,6,1,0.043,0,65.5
11169,714,0,0,7,1,0.028,1,48.6
11169,720,1,0,4,1,0.112,1,41
11169,720,2,0,7,1,0.119,1,50.3
11169,720,3,0,5,1,0.159,1,55
11170,178,0,1,6,1,0.009,0,47.8
11170,178,1,1,5,1,0.187,0,54.3
11170,178,2,1,4,1,0.142,0,58.7
11170,178,3,1,6,1,0.126,0,64.2
11178,258,0,1,4,0,0.003,1,44.2
11178,258,1,1,5,0,0.035,1,48.2
11178,258,2,1,3,0,0.06,1,55.1
11178,258,3,1,5,0,0.071,1,63.9
11184,276,0,0,7,0,0.003,1,44.2
11184,274,1,0,6,1,0.012,1,47.4
11184,274,2,0,4,1,0.025,1,53.1
11184,274,3,0,6,1,0.02,1,63.1
11193,212,0,0,6,0,0.003,1,65.9
11193,208,1,0,5,1,0.007,1,73.5
11193,208,2,0,3,1,0.009,1,77.9
11193,208,3,0,2,1,0.002,1,86.2
11219,98,0,0,6,0,0.005,1,73.1
11219,98,1,0,6,0,0.108,1,65.5
11219,98,2,0,5,0,0.073,1,77.9
11219,98,3,0,5,0,0.056,1,78.3
11221,506,0,0,6,1,0.026,0,37.8
11221,506,1,0,5,1,0.129,0,48.2
11221,506,2,0,4,1,0.127,0,45.9
11221,506,3,0,3,1,0.132,0,44.7
11264,77,0,0,4,0,0.006,1,56.7
11264,77,1,0,6,0,0.33,1,50.7
11264,77,2,0,5,0,0.39,1,55.1
11264,77,3,0,6,0,0.328,1,66.7
11284,448,0,1,5,0,0.01,0,34.7
11284,448,1,1,5,0,0.201,0,29.4
11284,448,2,1,5,0,0.116,0,23.1
11284,448,3,1,4,0,0.186,0,31.1
11308,121,0,0,4,1,0.024,0,35.5
11308,121,1,0,2,1,0.083,0,45.9
11308,121,2,0,5,1,0.116,0,41.5
11308,121,3,0,4,1,0.075,0,57.8
11336,506,0,0,2,1,0.026,0,43
11336,506,1,0,4,1,0.129,0,44.3
11336,506,2,0,5,1,0.127,0,46.2
11336,506,3,0,6,1,0.132,0,49.5
11355,101,0,0,4,0,0.004,1,41.4
11355,104,1,0,5,1,0.07,1,47.4
11355,104,2,0,3,1,0.066,1,57.9
11355,104,3,0,4,1,0.042,1,63.9
11383,1038,0,1,3,0,0.016,1,71.4
11383,1048,1,1,5,1,0.076,1,81.6
11383,1048,2,1,4,1,0.073,1,79.9
11383,1048,3,1,5,1,0.107,1,90.7
11404,81,0,1,6,1,0.112,0,47.5
11404,81,1,1,5,1,0.33,0,42.7
11404,81,2,1,3,1,0.39,0,53.4
11404,81,3,1,4,1,0.328,0,57.5
11414,572,0,0,5,1,0.009,0,37.8
11414,572,1,0,5,1,0.071,0,48.2
11414,572,2,0,5,1,0.116,0,44.6
11414,572,3,0,5,1,0.043,0,48.6
11441,515,0,1,2,0,0.036,1,46.3
11441,515,1,1,4,0,0.168,1,58.3
11441,515,2,1,4,0,0.189,1,72.3
11441,515,3,1,5,0,0.113,1,72.3
11484,121,0,1,4,1,0.024,0,57.8
11484,121,1,1,4,1,0.043,0,85.8
11484,121,2,1,5,1,0.064,0,93.5
11484,121,3,1,5,1,0.053,0,97.1
11506,1108,0,0,5,1,0.03,0,29.4
11506,1111,1,0,4,1,0.242,0,41.8
11506,1111,2,0,4,1,0.198,0,44.3
11506,1111,3,0,5,1,0.213,0,67
11563,1006,0,1,7,1,0.022,0,51.9
11563,1006,1,1,4,1,0.3,0,61.5
11563,1006,2,1,4,1,0.301,0,55.1
11563,1006,3,1,6,1,0.315,0,70.6
11578,1038,0,0,4,0,0.016,1,49.1
11578,1048,1,0,6,1,0.076,1,50.7
11578,1048,2,0,4,1,0.073,1,46.7
11578,1048,3,0,6,1,0.107,1,73.4
11585,43,0,1,4,0,0.018,0,25
11585,43,1,1,4,0,0.253,0,30.2
11585,43,2,1,3,0,0.264,0,31.8
11585,43,3,1,6,0,0.285,0,34.2
11612,586,0,0,3,1,0.017,0,76.4
11612,586,1,0,4,1,0.099,0,79.1
11612,586,2,0,6,1,0.132,0,84
11612,586,3,0,6,1,0.108,0,86.2
11613,1108,0,0,5,1,0.03,0,51.1
11613,1111,1,0,5,1,0.242,0,50.7
11613,1111,2,0,6,1,0.198,0,51.8
11613,1111,3,0,5,1,0.213,0,52.2
11638,1078,0,0,6,1,0.018,0,66.4
11638,1078,1,0,5,1,0.164,0,75.8
11638,1078,2,0,5,1,0.144,0,79.9
11638,1078,3,0,3,1,0.123,0,100.3
11646,1013,0,0,4,1,0.038,0,33.9
11646,1013,1,0,4,1,0.122,0,35.1
11646,1013,2,0,3,1,0.095,0,44.6
11646,1013,3,0,3,1,0.078,0,49.8
11648,99,0,1,2,0,0.003,1,53.9
11648,106,1,1,5,1,0.108,1,59.4
11648,106,2,1,4,1,0.073,1,79.9
11648,106,3,1,6,1,0.056,1,76.4
11663,677,0,0,6,1,0.002,0,36.6
11663,677,1,0,5,1,0.005,0,51.5
11663,677,2,0,8,1,0.01,0,43.4
11663,677,3,0,6,1,0.012,0,55
11680,100,0,1,3,0,0.004,1,49.9
11680,104,1,1,4,1,0.07,1,49.9
11680,104,2,1,6,1,0.066,1,59.5
11680,104,3,1,3,1,0.042,1,57.8
11695,99,0,1,4,0,0.003,1,62.3
11695,106,1,1,6,1,0.108,1,75.8
11695,106,2,1,6,1,0.073,1,72.3
11695,106,3,1,4,1,0.056,1,80.6
11715,714,0,1,5,1,0.028,1,31.4
11715,714,1,1,6,1,0.112,1,41.8
11715,714,2,1,3,1,0.119,1,53.9
11715,714,3,1,4,1,0.159,1,68.3
11744,387,0,0,4,0,0.087,1,20.2
11744,387,1,0,7,0,0.109,1,21.8
11744,388,2,0,6,1,0.176,0,21.1
11744,388,3,0,5,1,0.447,0,32.7
11770,52,0,1,4,1,0.003,0,39.4
11770,52,1,1,5,1,0.055,0,49.9
11770,52,2,1,4,1,0.076,0,46.2
11770,52,3,1,6,1,0.034,0,52.2
11786,245,0,1,5,1,0.009,1,44.2
11786,245,1,1,7,1,0.016,1,57.1
11786,245,2,1,6,1,0.019,1,62.6
11786,245,3,1,4,1,0.047,1,57.8
11839,258,0,1,5,0,0.003,1,43.5
11839,258,1,1,5,0,0.035,1,44.3
11839,258,2,1,6,0,0.06,1,47
11839,258,3,1,4,0,0.071,1,63.9
11847,24,0,0,6,1,0.025,1,31.1
11847,24,1,0,5,1,0.137,1,45.9
11847,24,2,0,6,1,0.085,1,48.7
11847,24,3,0,6,1,0.108,1,35.8
11853,1108,0,0,5,1,0.03,0,30.2
11853,1108,1,0,3,1,0.271,0,46.6
11853,1108,2,0,5,1,0.241,0,44.3
11853,1108,3,0,5,1,0.238,0,47.8
11863,147,0,1,5,1,0.002,1,56.7
11863,147,1,1,5,1,0.022,1,71.6
11863,147,2,1,2,1,0.016,1,69
11863,147,3,1,5,1,0.015,1,78.3
11974,139,0,1,3,1,0.021,0,39.4
11974,139,1,1,3,1,0.076,0,53.5
11974,139,2,1,7,1,0.07,0,56.7
11974,139,3,1,7,1,0.125,0,59.5
11984,714,0,0,4,1,0.028,1,47.2
11984,720,1,0,4,1,0.112,1,47.4
11984,720,2,0,4,1,0.119,1,53.4
11984,720,3,0,7,1,0.159,1,63.1
11996,194,0,0,7,1,0.004,0,29.4
11996,194,1,0,6,1,0.035,0,33.8
11996,194,2,0,4,1,0.09,0,33.1
11996,194,3,0,4,1,0.098,0,42.7
11997,1108,0,0,5,1,0.03,0,47.5
11997,1108,1,0,6,1,0.271,0,61.9
11997,1108,2,0,5,1,0.241,0,49.5
11997,1108,3,0,3,1,0.238,0,58.3
12021,387,0,1,4,0,0.087,1,27.8
12021,387,1,1,7,0,0.109,1,36.3
12021,387,2,1,6,0,0.176,1,41.8
12021,387,3,1,5,0,0.447,1,45
12049,1002,0,0,3,1,0.058,0,43
12049,1002,1,0,5,1,0.3,0,40.2
12049,1002,2,0,6,1,0.301,0,44.6
12049,1002,3,0,5,1,0.315,0,58.6
12071,714,0,0,5,1,0.028,1,60.8
12071,720,1,0,6,1,0.112,1,57.1
12071,720,2,0,4,1,0.119,1,65.9
12071,720,3,0,6,1,0.159,1,75.1
12145,101,0,1,4,0,0.004,1,31.4
12145,101,1,1,4,0,0.07,1,40.2
12145,101,2,1,4,0,0.066,1,48.7
12145,101,3,1,4,0,0.042,1,58.6
12146,714,0,0,7,1,0.028,1,37.1
12146,720,1,0,7,1,0.112,1,47.4
12146,720,2,0,6,1,0.119,1,43.4
12146,720,3,0,4,1,0.159,1,55
12167,387,0,1,4,0,0.087,1,16.3
12167,387,1,1,6,0,0.109,1,33
12167,388,2,1,5,1,0.176,0,37.5
12167,388,3,1,4,1,0.447,0,41.4
12168,258,0,0,6,0,0.003,1,54.7
12168,282,1,0,2,1,0.035,0,53.5
12168,282,2,0,7,1,0.06,0,59
12168,282,3,0,4,1,0.071,0,66.4
12187,1002,0,0,6,1,0.058,0,38.6
12187,1002,1,0,5,1,0.3,0,49.9
12187,1002,2,0,3,1,0.301,0,48.7
12187,1002,3,0,3,1,0.315,0,57.5
12188,1019,0,1,5,1,0.032,0,60.8
12188,1019,1,1,5,1,0.118,0,81.6
12188,1019,2,1,5,1,0.133,0,79.5
12188,1019,3,1,5,1,0.134,0,90.7
12216,1058,0,1,4,1,0.015,0,76.4
12216,1058,1,1,6,1,0.086,0,75.8
12216,1058,2,1,7,1,0.067,0,81.8
12216,1058,3,1,6,1,0.07,0,87.9
12242,76,0,0,6,1,0.006,1,73.1
12242,104,1,0,6,1,0.07,1,66
12242,104,2,0,4,1,0.066,1,69.9
12242,104,3,0,6,1,0.042,1,74.2
12300,147,0,1,3,1,0.002,1,46.3
12300,147,1,1,6,1,0.022,1,53.5
12300,147,2,1,5,1,0.016,1,55.9
12300,147,3,1,4,1,0.015,1,61.9
12302,1110,0,0,6,1,0.034,0,49.1
12302,1111,1,0,5,1,0.242,0,57.1
12302,1111,2,0,3,1,0.198,0,51.5
12302,1111,3,0,5,1,0.213,0,67.5
12311,315,0,1,4,1,0.003,0,46.3
12311,299,1,1,5,1,0.029,0,43.5
12311,299,2,1,8,1,0.054,0,45.4
12311,299,3,1,2,1,0.052,0,55.9
12316,714,0,1,4,1,0.028,1,49.4
12316,720,1,1,5,1,0.112,1,56.3
12316,720,2,1,5,1,0.119,1,57.6
12316,720,3,1,4,1,0.159,1,63.1
12331,1110,0,1,2,1,0.034,0,55.8
12331,1111,1,1,6,1,0.242,0,60.2
12331,1111,2,1,3,1,0.198,0,76.3
12331,1111,3,1,5,1,0.213,0,73.4
12344,1104,0,0,4,0,0.014,0,33
12344,1104,1,0,2,0,0.242,0,41.8
12344,1104,2,0,5,0,0.198,0,39.5
12344,1104,3,0,4,0,0.213,0,47.8
12356,98,0,1,6,0,0.005,1,45.5
12356,98,1,1,7,0,0.108,1,50.7
12356,98,2,1,4,0,0.073,1,55.4
12356,98,3,1,3,0,0.056,1,49.8
12426,1110,0,1,6,1,0.034,0,49.9
12426,1110,1,1,2,1,0.242,0,61.5
12426,1110,2,1,4,1,0.198,0,74.6
12426,1110,3,1,5,1,0.213,0,79.5
12446,21,0,1,6,0,0.017,1,45.8
12446,21,1,1,5,0,0.253,1,51.5
12446,21,2,1,6,0,0.264,1,45.9
12446,21,3,1,5,0,0.285,1,53.1
12520,103,0,1,4,1,0.007,0,57.5
12520,103,1,1,5,1,0.061,0,61.5
12520,103,2,1,3,1,0.032,0,75.1
12520,103,3,1,3,1,0.042,0,69.5
12536,121,0,1,2,1,0.024,0,43.5
12536,121,1,1,5,1,0.083,0,43.5
12536,121,2,1,5,1,0.116,0,43.4
12536,121,3,1,4,1,0.075,0,60.3
12554,647,0,0,4,1,0.055,1,60.3
12554,647,1,0,5,1,0.15,1,64.3
12554,647,2,0,4,1,0.135,1,69
12554,647,3,0,4,1,0.185,1,76.4
12567,77,0,1,4,0,0.006,1,29.4
12567,84,1,1,5,1,0.33,0,41.8
12567,84,2,1,5,1,0.39,0,54.3
12567,84,3,1,3,1,0.328,0,65
12625,1018,0,0,6,1,0.023,0,39.4
12625,1018,1,0,6,1,0.118,0,49.9
12625,1018,2,0,5,1,0.133,0,49.5
12625,1018,3,0,4,1,0.134,0,57.5
12635,315,0,1,5,1,0.003,0,24.2
12635,299,1,1,7,1,0.029,0,27.4
12635,299,2,1,6,1,0.054,0,38.7
12635,299,3,1,4,1,0.052,0,48.6
12641,121,0,0,4,1,0.024,0,40.7
12641,121,1,0,5,1,0.083,0,52.7
12641,121,2,0,6,1,0.116,0,49.5
12641,121,3,0,7,1,0.075,0,59.1
12654,515,0,1,6,0,0.036,1,43.5
12654,519,1,1,3,1,0.168,0,49.9
12654,519,2,1,5,1,0.189,0,51.8
12654,519,3,1,4,1,0.113,0,64.7
12665,286,0,0,4,1,0.014,0,47.8
12665,286,1,0,5,1,0.099,0,50.7
12665,286,2,0,5,1,0.071,0,61.8
12665,286,3,0,6,1,0.1,0,69.2
12672,387,0,0,5,0,0.087,1,44.2
12672,387,1,0,7,0,0.109,1,52.7
12672,387,2,0,7,0,0.176,1,46.7
12672,387,3,0,4,0,0.447,1,58.6
12724,704,0,0,4,0,0.006,0,52.2
12724,704,1,0,5,0,0.029,0,68.3
12724,704,2,0,6,0,0.047,0,77.9
12724,704,3,0,7,0,0.034,0,78.3
12735,100,0,0,4,0,0.004,1,38.6
12735,106,1,0,6,1,0.108,1,44.3
12735,106,2,0,7,1,0.073,1,36.2
12735,106,3,0,4,1,0.056,1,49.5
12737,1033,0,1,6,1,0.006,1,40.7
12737,1033,1,1,4,1,0.086,1,49.1
12737,1033,2,1,6,1,0.067,1,56.7
12737,1033,3,1,4,1,0.07,1,55.9
12754,704,0,0,5,0,0.006,0,66.4
12754,704,1,0,3,0,0.029,0,73.5
12754,704,2,0,4,0,0.047,0,96.8
12754,704,3,0,3,0,0.034,0,95.6
12757,1104,0,0,5,0,0.014,0,47.8
12757,1104,1,0,6,0,0.242,0,55.1
12757,1104,2,0,4,0,0.241,0,56.7
12757,1104,3,0,3,0,0.238,0,63.1
12783,898,0,0,6,1,0.083,1,35
12783,898,1,0,6,1,0.112,1,41
12783,898,2,0,6,1,0.119,1,49.5
12783,898,3,0,5,1,0.188,1,68.7
12863,387,0,0,5,0,0.087,1,52.7
12863,387,1,0,5,0,0.109,1,54.3
12863,388,2,0,5,1,0.176,0,59
12863,388,3,0,3,1,0.447,0,65
12881,212,0,1,5,0,0.003,1,68.7
12881,211,1,1,5,1,0.032,1,78.3
12881,211,2,1,3,1,0.018,1,85.1
12881,211,3,1,6,1,0.011,1,98.4
12886,387,0,0,6,0,0.087,1,60.3
12886,387,1,0,5,0,0.109,1,49.1
12886,387,2,0,5,0,0.061,1,51.5
12886,387,3,0,3,0,0.187,1,63.4
12887,1035,0,0,3,1,0.033,0,49.1
12887,1035,1,0,5,1,0.095,0,48.2
12887,1035,2,0,4,1,0.088,0,43.9
12887,1035,3,0,6,1,0.11,0,62.8
12903,99,0,1,6,0,0.003,1,25.5
12903,106,1,1,7,1,0.108,1,38.2
12903,106,2,1,5,1,0.073,1,42.3
12903,106,3,1,2,1,0.056,1,42.7
12922,24,0,0,5,1,0.025,1,49.4
12922,24,1,0,4,1,0.137,1,57.1
12922,24,2,0,6,1,0.085,1,55.4
12922,24,3,0,7,1,0.108,1,67
12933,24,0,0,6,1,0.025,1,71.4
12933,24,1,0,6,1,0.137,1,66.6
12933,24,2,0,6,1,0.085,1,71.2
12933,24,3,0,3,1,0.108,1,77
12937,98,0,0,3,0,0.005,1,57.8
12937,106,1,0,6,1,0.108,1,59.4
12937,106,2,0,3,1,0.073,1,57.1
12937,106,3,0,6,1,0.056,1,67.5
12944,76,0,0,3,1,0.006,1,49.9
12944,104,1,0,5,1,0.07,1,69.1
12944,104,2,0,6,1,0.066,1,65.9
12944,104,3,0,3,1,0.042,1,74.2
12971,24,0,1,4,1,0.025,1,29.4
12971,24,1,1,3,1,0.137,1,43.5
12971,24,2,1,4,1,0.085,1,33.1
12971,24,3,1,4,1,0.108,1,53.4
12983,124,0,1,5,1,0.003,0,38.6
12983,124,1,1,5,1,0.063,0,45.9
12983,124,2,1,4,1,0.066,0,47.5
12983,124,3,1,5,1,0.099,0,51.4
13035,1058,0,0,7,1,0.015,0,49.9
13035,1058,1,0,5,1,0.083,0,58.3
13035,1058,2,0,5,1,0.047,0,48.7
13035,1058,3,0,6,1,0.058,0,63.4
13054,52,0,1,6,1,0.003,0,45.5
13054,52,1,1,6,1,0.055,0,71.1
13054,52,2,1,4,1,0.076,0,71.8
13054,52,3,1,5,1,0.034,0,78.3
13061,1038,0,0,3,0,0.016,1,35
13061,1038,1,0,6,0,0.076,1,42.7
13061,1038,2,0,4,0,0.073,1,47.9
13061,1038,3,0,4,0,0.107,1,43.4
13070,704,0,1,3,0,0.006,0,73.1
13070,704,1,1,5,0,0.029,0,85.8
13070,704,2,1,7,0,0.047,0,93.5
13070,704,3,1,4,0,0.034,0,92
13088,236,0,0,4,1,0.002,1,85.9
13088,236,1,0,5,1,0.058,1,73.5
13088,236,2,0,5,1,0.019,1,81
13088,236,3,0,6,1,0.009,1,98.4
13117,1108,0,1,3,1,0.03,0,33
13117,1108,1,1,6,1,0.271,0,40.2
13117,1108,2,1,5,1,0.241,0,40.6
13117,1108,3,1,4,1,0.238,0,48.6
13128,139,0,0,4,1,0.021,0,47.5
13128,139,1,0,7,1,0.076,0,67.5
13128,139,2,0,6,1,0.07,0,83.2
13128,139,3,0,7,1,0.054,0,92
13208,1033,0,1,4,1,0.006,1,57.8
13208,1033,1,1,5,1,0.086,1,69.1
13208,1033,2,1,5,1,0.067,1,74
13208,1033,3,1,6,1,0.07,1,85.6
13222,178,0,0,7,1,0.009,0,38.6
13222,178,1,0,3,1,0.187,0,58.3
13222,178,2,0,6,1,0.142,0,47.9
13222,178,3,0,5,1,0.126,0,53.4
13234,504,0,1,5,1,0.004,0,53.9
13234,504,1,1,3,1,0.034,0,61.5
13234,504,2,1,8,1,0.022,0,62.6
13234,504,3,1,6,1,0.042,0,68.7
13335,506,0,0,5,1,0.026,0,21.1
13335,506,1,0,6,1,0.042,0,37.1
13335,506,2,0,4,1,0.01,0,34.2
13335,506,3,0,5,1,0.042,0,45.8
13348,178,0,0,6,1,0.009,0,52.7
13348,178,1,0,5,1,0.187,0,78.3
13348,178,2,0,5,1,0.142,0,73.1
13348,178,3,0,5,1,0.126,0,74.2
13377,21,0,0,7,0,0.017,1,60.8
13377,21,1,0,6,0,0.163,1,64.3
13377,21,2,0,4,0,0.205,1,84
13377,21,3,0,7,0,0.151,1,98.4
13410,660,0,0,6,1,0.006,0,53.6
13410,660,1,0,5,1,0.064,0,71.6
13410,660,2,0,3,1,0.062,0,72.3
13410,660,3,0,5,1,0.046,0,79.5
13433,77,0,1,7,0,0.006,1,57.8
13433,84,1,1,8,1,0.33,0,57.1
13433,84,2,1,6,1,0.39,0,69
13433,84,3,1,7,1,0.328,0,69.2
13439,258,0,0,5,0,0.003,1,68.7
13439,282,1,0,5,1,0.035,0,68.3
13439,282,2,0,6,1,0.06,0,77.9
13439,282,3,0,6,1,0.071,0,84.3
13443,258,0,0,5,0,0.003,1,66.4
13443,282,1,0,2,1,0.035,0,75.8
13443,282,2,0,3,1,0.06,0,81.8
13443,282,3,0,5,1,0.071,0,83.1
13483,1018,0,1,6,1,0.023,0,66.4
13483,1018,1,1,5,1,0.118,0,75.8
13483,1018,2,1,6,1,0.133,0,67.9
13483,1018,3,1,4,1,0.134,0,77
13507,98,0,1,7,0,0.005,1,52.2
13507,106,1,1,6,1,0.108,1,54.3
13507,106,2,1,3,1,0.073,1,61.2
13507,106,3,1,3,1,0.056,1,63.4
13509,448,0,1,4,0,0.01,0,62.3
13509,448,1,1,4,0,0.049,0,66.6
13509,448,2,1,5,0,0.077,0,67.9
13509,448,3,1,7,0,0.03,0,78.3
13517,660,0,0,3,1,0.006,0,29.4
13517,660,1,0,2,1,0.064,0,37.4
13517,660,2,0,5,1,0.089,0,47.5
13517,660,3,0,6,1,0.074,0,53.4
13520,133,0,0,4,1,0.005,1,43
13520,133,1,0,4,1,0.017,1,56.3
13520,133,2,0,5,1,0.035,1,61.8
13520,133,3,0,5,1,0.031,1,66.4
13568,963,0,0,6,0,0.155,0,47.8
13568,963,1,0,4,0,0.124,0,50.7
13568,963,2,0,4,0,0.175,0,69
13568,963,3,0,5,0,0.218,0,61.1
13594,1110,0,1,5,1,0.034,0,47.2
13594,1110,1,1,6,1,0.242,0,54.3
13594,1110,2,1,4,1,0.198,0,56.7
13594,1110,3,1,4,1,0.213,0,67.5
13602,448,0,1,5,0,0.01,0,45.5
13602,448,1,1,7,0,0.201,0,57.1
13602,448,2,1,7,0,0.116,0,55.9
13602,448,3,1,5,0,0.186,0,55
13604,309,0,0,6,1,0.021,0,37.8
13604,309,1,0,3,1,0.091,0,33.8
13604,309,2,0,4,1,0.058,0,47.5
13604,309,3,0,6,1,0.046,0,53.4
13626,99,0,0,6,0,0.003,1,50.8
13626,106,1,0,5,1,0.108,1,50.7
13626,106,2,0,3,1,0.073,1,58.7
13626,106,3,0,5,1,0.056,1,67.8
13633,258,0,0,5,0,0.003,1,84.7
13633,282,1,0,4,1,0.035,0,83
13633,282,2,0,6,1,0.06,0,76.3
13633,282,3,0,6,1,0.071,0,82
13634,52,0,0,5,1,0.003,0,60.8
13634,52,1,0,6,1,0.055,0,78.3
13634,52,2,0,4,1,0.076,0,81.8
13634,52,3,0,4,1,0.034,0,90.7
13657,81,0,1,4,1,0.112,0,35
13657,81,1,1,6,1,0.33,0,38.7
13657,81,2,1,6,1,0.39,0,36.2
13657,81,3,1,5,1,0.328,0,45.8
13664,258,0,1,5,0,0.003,1,62.3
13664,282,1,1,4,1,0.035,0,61.9
13664,282,2,1,5,1,0.06,0,66.7
13664,282,3,1,7,1,0.071,0,78.3
13706,21,0,1,5,0,0.017,1,52.2
13706,21,1,1,6,0,0.163,1,61.5
13706,21,2,1,5,0,0.205,1,61.8
13706,21,3,1,8,0,0.151,1,70.6
13736,121,0,1,5,1,0.024,0,93.9
13736,121,1,1,3,1,0.083,0,79.1
13736,121,2,1,3,1,0.116,0,89.9
13736,121,3,1,5,1,0.075,0,87
13828,1110,0,0,5,1,0.034,0,35
13828,1110,1,0,4,1,0.381,0,32.3
13828,1110,2,0,4,1,0.337,0,37.5
13828,1110,3,0,6,1,0.33,0,45.8
13841,1104,0,1,5,0,0.014,0,42.2
13841,1111,1,1,4,1,0.242,0,49.1
13841,1111,2,1,6,1,0.198,0,56.7
13841,1111,3,1,5,1,0.213,0,64.7
13847,1038,0,1,2,0,0.016,1,37.8
13847,1048,1,1,3,1,0.076,1,49.1
13847,1048,2,1,4,1,0.073,1,41.5
13847,1048,3,1,7,1,0.107,1,59.8
13858,315,0,1,6,1,0.003,0,41.4
13858,299,1,1,3,1,0.029,0,46.6
13858,299,2,1,5,1,0.054,0,51.1
13858,299,3,1,5,1,0.052,0,63.1
13866,81,0,1,3,1,0.112,0,42.2
13866,84,1,1,3,1,0.33,0,45.1
13866,84,2,1,4,1,0.39,0,56.2
13866,84,3,1,3,1,0.328,0,60.3
13886,1006,0,0,5,1,0.022,0,34.7
13886,1006,1,0,5,1,0.3,0,49.9
13886,1006,2,0,5,1,0.301,0,51.1
13886,1006,3,0,5,1,0.315,0,53.1
13897,139,0,0,5,1,0.021,0,85.9
13897,139,1,0,4,1,0.076,0,78.3
13897,139,2,0,4,1,0.07,0,83.2
13897,139,3,0,4,1,0.054,0,100.3
13939,1104,0,0,8,0,0.014,0,80.3
13939,1111,1,0,6,1,0.242,0,69.1
13939,1111,2,0,3,1,0.198,0,75.1
13939,1111,3,0,5,1,0.213,0,90.7
13941,99,0,0,6,0,0.003,1,62.3
13941,106,1,0,4,1,0.108,1,55.1
13941,106,2,0,5,1,0.073,1,49.5
13941,106,3,0,6,1,0.056,1,60.3
13965,121,0,1,6,1,0.024,0,47.5
13965,121,1,1,5,1,0.083,0,57.1
13965,121,2,1,4,1,0.116,0,52.3
13965,121,3,1,5,1,0.075,0,59.1
13975,1104,0,0,2,0,0.014,0,43
13975,1111,1,0,4,1,0.242,0,47.4
13975,1111,2,0,5,1,0.198,0,55.4
13975,1111,3,0,5,1,0.213,0,61.9
14004,139,0,1,5,1,0.021,0,39.4
14004,139,1,1,2,1,0.076,0,50.7
14004,139,2,1,6,1,0.07,0,52.3
14004,139,3,1,7,1,0.054,0,55.9
14030,81,0,0,1,1,0.112,0,44.2
14030,81,1,0,4,1,0.33,0,53.5
14030,81,2,0,5,1,0.39,0,57.9
14030,81,3,0,6,1,0.328,0,57.8
14079,194,0,0,4,1,0.004,0,44.2
14079,282,1,0,3,1,0.035,0,45.1
14079,282,2,0,5,1,0.06,0,45.9
14079,282,3,0,9,1,0.071,0,43.9
14106,898,0,0,3,1,0.083,1,53.6
14106,898,1,0,5,1,0.063,1,42.7
14106,898,2,0,4,1,0.069,1,47.5
14106,898,3,0,6,1,0.221,1,46.7
14171,1078,0,0,5,1,0.018,0,55
14171,1078,1,0,5,1,0.164,0,75.8
14171,1078,2,0,5,1,0.144,0,77.9
14171,1078,3,0,5,1,0.123,0,88.7
14174,1110,0,0,2,1,0.034,0,52.7
14174,1111,1,0,6,1,0.242,0,56.3
14174,1111,2,0,5,1,0.198,0,64.6
14174,1111,3,0,6,1,0.213,0,78.3
14181,1110,0,1,5,1,0.034,0,49.9
14181,1111,1,1,5,1,0.242,0,60.7
14181,1111,2,1,6,1,0.198,0,66.7
14181,1111,3,1,2,1,0.213,0,71.1
14216,24,0,1,5,1,0.025,1,44.2
14216,24,1,1,5,1,0.137,1,56.3
14216,24,2,1,6,1,0.085,1,55.1
14216,24,3,1,4,1,0.108,1,61.4
14229,677,0,0,5,1,0.002,0,76.4
14229,677,1,0,6,1,0.005,0,71.6
14229,677,2,0,3,1,0.01,0,67.9
14229,677,3,0,4,1,0.012,0,70.3
14231,647,0,0,4,1,0.055,1,27.8
14231,647,1,0,4,1,0.15,1,35.1
14231,647,2,0,5,1,0.135,1,47
14231,647,3,0,6,1,0.185,1,55
14238,103,0,0,5,1,0.007,0,38.6
14238,103,1,0,5,1,0.061,0,40.2
14238,103,2,0,7,1,0.032,0,48.7
14238,103,3,0,7,1,0.042,0,46.7
14272,98,0,1,3,0,0.005,1,43
14272,106,1,1,6,1,0.108,1,38.2
14272,106,2,1,4,1,0.073,1,43.9
14272,106,3,1,5,1,0.056,1,58.6
14367,515,0,0,6,0,0.036,1,44.2
14367,519,1,0,6,1,0.168,0,49.1
14367,519,2,0,5,1,0.189,0,55.1
14367,519,3,0,5,1,0.113,0,65
14418,387,0,1,6,0,0.087,1,16.3
14418,387,1,1,3,0,0.109,1,38.7
14418,388,2,1,6,1,0.176,0,40.3
14418,282,3,1,5,1,0.071,0,46.7
14421,81,0,0,6,1,0.112,0,58.6
14421,84,1,0,4,1,0.33,0,58.3
14421,84,2,0,6,1,0.39,0,56.2
14421,84,3,0,5,1,0.328,0,59.1
14423,387,0,0,3,0,0.087,1,19.9
14423,387,1,0,5,0,0.204,1,40.2
14423,387,2,0,4,0,0.26,1,51.1
14423,387,3,0,5,0,0.212,1,57.5
14433,666,0,1,5,1,0.017,0,23.5
14433,666,1,1,3,1,0.065,0,27.4
14433,666,2,1,5,1,0.12,0,33.1
14433,666,3,1,5,1,0.097,0,41.4
14448,99,0,1,5,0,0.003,1,49.1
14448,106,1,1,6,1,0.108,1,50.7
14448,106,2,1,5,1,0.073,1,58.7
14448,106,3,1,6,1,0.056,1,64.2
14493,1108,0,0,4,1,0.03,0,33.9
14493,1108,1,0,4,1,0.271,0,44.3
14493,1108,2,0,5,1,0.241,0,54.3
14493,1108,3,0,6,1,0.238,0,62.8
14494,99,0,1,3,0,0.003,1,44.2
14494,106,1,1,3,1,0.108,1,49.9
14494,106,2,1,4,1,0.073,1,48.7
14494,106,3,1,6,1,0.056,1,60.6
14532,666,0,1,3,1,0.017,0,28.6
14532,666,1,1,5,1,0.141,0,38.2
14532,666,2,1,6,1,0.2,0,41.5
14532,666,3,1,4,1,0.12,0,51.4
14552,387,0,0,4,0,0.087,1,37.8
14552,387,1,0,6,0,0.109,1,47.4
14552,388,2,0,5,1,0.176,0,48.7
14552,388,3,0,3,1,0.447,0,55.9
14562,194,0,0,3,1,0.004,0,85.9
14562,193,1,0,5,1,0.098,0,85.8
14562,193,2,0,6,1,0.062,0,89.9
14562,193,3,0,5,1,0.046,0,104.8
14571,586,0,1,5,1,0.017,0,67.8
14571,586,1,1,5,1,0.099,0,79.1
14571,586,2,1,7,1,0.132,0,74.6
14571,586,3,1,4,1,0.108,0,83.1
14604,101,0,0,6,0,0.004,1,65.9
14604,104,1,0,4,1,0.07,1,68.3
14604,104,2,0,4,1,0.066,1,74.6
14604,104,3,0,6,1,0.042,1,85.6
14611,1104,0,1,4,0,0.014,0,31.1
14611,1111,1,1,7,1,0.242,0,49.1
14611,1111,2,1,5,1,0.198,0,45.9
14611,1111,3,1,6,1,0.213,0,58.6
14617,81,0,0,7,1,0.112,0,67.8
14617,84,1,0,7,1,0.33,0,75.8
14617,84,2,0,5,1,0.39,0,77.9
14617,84,3,0,3,1,0.328,0,80.6
